author,title,genre,year,printrun,kid,junior,teen,exclude,location,sex,included
"Айтматов, Ч. Т.",Б-ка мировой лит д детей,повесть,1985,407000,NA,NA,NA,NA,Москва,м,Ранние журавли
"Алексин, А. Г.",Сигнальщики и Горнисты,повесть,1985,200000,NA,NA,1,NA,Москва,м,Третий в пятом ряду
"Алексин, А. Г.",Сигнальщики и Горнисты,повесть,1985,200000,NA,NA,1,NA,Москва,м,В тылу как в тылу
"Алексин, А. Г.",Сигнальщики и Горнисты,повесть,1985,200000,NA,NA,1,NA,Москва,м,"""Безумная Евдокия"""
"Алексин, А. Г.",Сигнальщики и Горнисты,повесть,1985,200000,NA,NA,1,NA,Москва,м,Ивашов
"Алексин, А. Г.",Сигнальщики и Горнисты,повесть,1985,200000,NA,NA,1,NA,Москва,м,Сигнальщики и Горнисты
"Алексин, А. Г.",Б-ка мировой лит д детей,повесть,1985,407000,NA,NA,NA,NA,Москва,м,В тылу как в тылу
"Алексин, А. Г.",Б-ка мировой лит д детей,повесть,1985,407000,NA,NA,NA,NA,Москва,м,Раздел имущества
"Алексин, А. Г.",Б-ка мировой лит д детей,повесть,1985,407000,NA,NA,NA,NA,Москва,м,"""Безумная Евдокия"""
"Алексин, А. Г.",Б-ка мировой лит д детей,повесть,1985,407000,NA,NA,NA,NA,Москва,м,Мой брат играет на кларнете
"Алексин, А. Г.",Б-ка мировой лит д детей,повесть,1985,407000,NA,NA,NA,NA,Москва,м,А тем временем где-то…
"Алмазов, Б. А.",Посмотрите - я расту,повесть,1985,150000,1,NA,NA,NA,Ленинград,м,Посмотрите - я расту
"Алмазов, Б. А.",Оглянись! 1,повесть,1988,150000,1,NA,NA,NA,Ленинград,м,Деревянное царство
"Алмазов, Б. А.",Оглянись! 1,повесть,1988,150000,1,NA,NA,NA,Ленинград,м,Считаю до трех!
"Артюхова, Н. М.",Большая береза,рассказ,1988,450000,1,NA,NA,NA,Москва,ж,Большая береза 
"Артюхова, Н. М.",Большая береза,рассказ,1988,450000,1,NA,NA,NA,Москва,ж,Совсем одинаковые
"Артюхова, Н. М.",Большая береза,рассказ,1988,450000,1,NA,NA,NA,Москва,ж,Приехали!
"Артюхова, Н. М.",Большая береза,рассказ,1988,450000,1,NA,NA,NA,Москва,ж,Фарфоровые шаги
"Артюхова, Н. М.",Большая береза,рассказ,1988,450000,1,NA,NA,NA,Москва,ж,Подружки
"Астафьев, В. П.",Васюткино озеро,рассказ,1985,50000,1,NA,NA,NA,Красноярск,м,Васюткино озеро
"Астафьев, В. П.",Васюткино озеро,рассказ,1985,50000,1,NA,NA,NA,Красноярск,м,Дядя Кузя - куриный начальник
"Астафьев, В. П.",Васюткино озеро,рассказ,1985,50000,1,NA,NA,NA,Красноярск,м,Захарка
"Астафьев, В. П.",Васюткино озеро,рассказ,1985,50000,1,NA,NA,NA,Красноярск,м,Гирманча находит друзей
"Багров, С. П.  ",Белые сени,повесть,1986,150000,1,NA,NA,NA,Ленинград,м,Белые сени
"Баныкин, В. И.","Там, где живут березы",рассказ,1985,150000,1,NA,NA,NA,Москва,м,"Там, где живут березы"
"Бачинская, С. В.","Про силу воли и клубничное варенье, а также другие веселые истории",рассказ,1989,100000,1,NA,NA,NA,Алма-Ата,ж,"Про то, как у папы лопнуло терпение"
"Бачинская, С. В.","Про силу воли и клубничное варенье, а также другие веселые истории",рассказ,1989,100000,1,NA,NA,NA,Алма-Ата,ж,Про двух братьев и Анюту из Малиновки
"Бачинская, С. В.","Про силу воли и клубничное варенье, а также другие веселые истории",рассказ,1989,100000,1,NA,NA,NA,Алма-Ата,ж,Про этикетки и фантики
"Бачинская, С. В.","Про силу воли и клубничное варенье, а также другие веселые истории",рассказ,1989,100000,1,NA,NA,NA,Алма-Ата,ж,Про силу воли и клубничное варенье
"Бачинская, С. В.","Про силу воли и клубничное варенье, а также другие веселые истории",рассказ,1989,100000,1,NA,NA,NA,Алма-Ата,ж,Про великую силу техники
"Бачинская, С. В.","Про силу воли и клубничное варенье, а также другие веселые истории",рассказ,1989,100000,1,NA,NA,NA,Алма-Ата,ж,"Про ишака, барсука и расчудесные горы"
"Бахревский, В. А.",Арсюша и другие шестилеточки,повесть,1990,150000,1,NA,NA,NA,Москва,м,Арсюша и другие шестилеточки
"Белокрылов, В. А.",У себя дома,повесть,1985,30000,NA,1,1,NA,Воронеж,м,Мороженные яблоки
"Белокрылов, В. А.",У себя дома,рассказ,1985,30000,NA,1,1,NA,Воронеж,м,Косуленок
"Белокрылов, В. А.",У себя дома,рассказ,1985,30000,NA,1,1,NA,Воронеж,м,У себя дома
"Богомолов, В. О.",Иван и Зося,повесть,1985,300000,NA,1,NA,NA,Москва,м,Иван
"Богомолов, В. О.",Иван и Зося,повесть,1985,300000,NA,1,NA,NA,Москва,м,Зося
"Бодрова, А. Г.",За синей каемочкой горизонта,повесть,1985,100000,1,NA,NA,NA,Ленинград,ж,За синей каемочкой горизонта
"Борисова, М. И.",Добро по кругу,рассказ,1987,150000,1,NA,NA,NA,Ленинград,ж,Добро по кругу
"Борисова, М. И.",Добро по кругу,рассказ,1987,150000,1,NA,NA,NA,Ленинград,ж,Как рвануло!
"Борисова, М. И.",Добро по кругу,рассказ,1987,150000,1,NA,NA,NA,Ленинград,ж,За что любят?
"Борисова, М. И.",Добро по кругу,рассказ,1987,150000,1,NA,NA,NA,Ленинград,ж,Разрешили!!!
"Борисова, М. И.",Добро по кругу,рассказ,1987,150000,1,NA,NA,NA,Ленинград,ж,Похвалил называеся…
"Борисова, М. И.",Добро по кругу,рассказ,1987,150000,1,NA,NA,NA,Ленинград,ж,Не обижать жаконю
"Борисова, М. И.",Добро по кругу,рассказ,1987,150000,1,NA,NA,NA,Ленинград,ж,Брянтик
"Борисова, М. И.",Добро по кругу,рассказ,1987,150000,1,NA,NA,NA,Ленинград,ж,"Будьте добры, угощайтсь!"
"Борисова, М. И.",Добро по кругу,рассказ,1987,150000,1,NA,NA,NA,Ленинград,ж,Фантазеры
"Борисова, М. И.",Добро по кругу,рассказ,1987,150000,1,NA,NA,NA,Ленинград,ж,Ксюша и Оля
"Борисова, М. И.",Добро по кругу,рассказ,1987,150000,1,NA,NA,NA,Ленинград,ж,Портрет злодея
"Борисова, М. И.",Добро по кругу,рассказ,1987,150000,1,NA,NA,NA,Ленинград,ж,Это - ворота!
"Борисова, М. И.",Добро по кругу,рассказ,1987,150000,1,NA,NA,NA,Ленинград,ж,Твердое правило
"Борисова, М. И.",Добро по кругу,рассказ,1987,150000,1,NA,NA,NA,Ленинград,ж,Ты уж прости его!
"Борисова, М. И.",Добро по кругу,рассказ,1987,150000,1,NA,NA,NA,Ленинград,ж,Игнасио протестует
"Борисова, М. И.",Добро по кругу,рассказ,1987,150000,1,NA,NA,NA,Ленинград,ж,Махровое полотенце
"Борисова, М. И.",Добро по кругу,рассказ,1987,150000,1,NA,NA,NA,Ленинград,ж,Не герой?
"Борисова, М. И.",Добро по кругу,рассказ,1987,150000,1,NA,NA,NA,Ленинград,ж,Теплый хлеб
"Борисова, М. И.",Добро по кругу,рассказ,1987,150000,1,NA,NA,NA,Ленинград,ж,Ай да Толя Брянцев!
"Борисова, М. И.",Добро по кругу,рассказ,1987,150000,1,NA,NA,NA,Ленинград,ж,Венок из ромашек
"Борисова, М. И.",Добро по кругу,рассказ,1987,150000,1,NA,NA,NA,Ленинград,ж,Короткие гудки
"Борисова, М. И.",Добро по кругу,рассказ,1987,150000,1,NA,NA,NA,Ленинград,ж,Почему все-таки бревно?
"Бочкарев, Б. И.",Лазурный цвет земли,повесть,1985,150000,1,NA,NA,NA,Ярославль,м,Лазурный цвет земли
"Бочкарев, Б. И.",Лазурный цвет земли,рассказ,1985,150000,1,NA,NA,NA,Ярославль,м,Косьян Ушастый
"Верещагин, Д. И.",Большая улица,повесть,1985,100000,1,NA,NA,NA,Москва,м,Большая улица
"Вольф, С. Е.",Хороша ли для вас эта песня без слов?,повесть,1987,100000,NA,1,NA,NA,Ленинград,NA,Хороша ли для вас эта песня без слов?
"Воронов, Н. П.",Голубиная охота,повесть,1985,100000,NA,1,1,NA,Москва,м,Голубиная охота
"Воронов, Н. П.",Голубиная охота,повесть,1985,100000,NA,1,1,NA,Москва,м,Смятение
"Воронов, Н. П.",Голубиная охота,повесть,1985,100000,NA,1,1,NA,Москва,м,"Мальчик, полюбивший слона"
"Воронкова, Л. Ф.",Девочка из города,повесть,1985,300000,1,NA,NA,NA,Ростов на Дону,ж,Девочка из города
"Воронкова, Л. Ф.",Подружки идут в школу,повесть,1985,2000000,1,NA,NA,NA,Москва,ж,Подружки идут в школу
"Воронцов, А. П.",Юнгаши,повесть,1985,100000,NA,1,1,NA,Ленинград,м,Володькины тревоги
"Воронцов, А. П.",Юнгаши,повесть,1986,100000,NA,1,1,NA,Ленинград,м,И у юнги душа морская
"Воронцов, А. П.",Юнгаши,повесть,1987,100000,NA,1,1,NA,Ленинград,м,Одиссея Марата Есипова
"Воронцов, А. П.",Юнгаши,повесть,1988,100000,NA,1,1,NA,Ленинград,м,"""Я вернусь, мама…"""
"Воропаев, С. В.",Подстреленное детство,повесть,1986,15000,NA,NA,1,NA,Мурманск,м,Подстреленное детство
"Воскобойников, В. М.","Девочка, мальчик, собака",повесть,1986,100000 ,NA,1,NA,NA,Ленинград,м,"Девочка, мальчик, собака"
"Воскобойников, В. М.",Картины из села Гаврилово,повесть,1986,100000 ,NA,1,NA,NA,Ленинград,м,Картины из села Гаврилово
"Гайдар, А. П.",Школа,повесть,1985,125000,NA,1,NA,NA,Казань,м,Военная тайна
"Гайдар, А. П.",Судьба барабанщика,повесть,1985,600000,1,NA,NA,NA,Москва,м,Голубая чашка
"Гайдар, А. П.",Судьба барабанщика,рассказ,1985,150000,NA,NA,NA,NA,Душанбе,м,Голубая чашка
"Гайдар, А. П.",Судьба барабанщика,рассказ,1985,150000,NA,NA,NA,NA,Душанбе,м,Р.В.С.
"Гайдар, А. П.",Школа,повесть,1985,125000,NA,1,NA,NA,Казань,м,Судьба барабанщика
"Гайдар, А. П.",Судьба барабанщика,повесть,1985,150000,NA,NA,NA,NA,Душанбе,м,Судьба барабанщика
"Гайдар, А. П.",Тимур и его команда,повесть,1985,100000,1,NA,NA,NA,Москва,м,Тимур и его команда
"Гайдар, А. П.",Школа,повесть,1985,125000,NA,1,NA,NA,Казань,м,Тимур и его команда
"Гайдар, А. П.",Судьба барабанщика,повесть,1985,150000,NA,NA,NA,NA,Душанбе,м,Тимур и его команда
"Гайдар, А. П.",Судьба барабанщика,рассказ,1985,150000,NA,NA,NA,NA,Душанбе,м,Чук и Гек
"Гайдар, А. П.",Школа,повесть,1985,125000,NA,1,NA,NA,Казань,м,Школа
"Гарин-Михайловский, Н. Г.",Детство Темы,повесть,1985,200000,NA,NA,1,NA,Минск,м,Детство Темы
"Гарин-Михайловский, Н. Г.",Детство Темы,повесть,1985,50000,1,1,NA,NA,Новосибирск,м,Детство Темы
"Гарин-Михайловский, Н. Г.",Гимназисты,повесть,1985,200000,NA,NA,1,NA,Минск,м,Гимназисты
"Гартунг, Л. А.",Нельзя забывать…,повесть,1985,15000,NA,1,1,NA,Новосибирск,м,Нельзя забывать…
"Гиневский, А. М.",Везучий Борька,рассказ,1985,100000,1,NA,NA,NA,Ленинград,м,"Везучий Борька, или Два испытателя одного самолёта"
"Гиневский, А. М.",Везучий Борька,рассказ,1985,100000,1,NA,NA,NA,Ленинград,м,Привет из Крыма
"Гиневский, А. М.",Везучий Борька,рассказ,1985,100000,1,NA,NA,NA,Ленинград,м,"Пудовый скандал, или Гиревик Михеев – человек с большой буквы"
"Гиневский, А. М.",Везучий Борька,рассказ,1985,100000,1,NA,NA,NA,Ленинград,м,"Ноль внимания, фунт презрения"
"Гиневский, А. М.",Везучий Борька,рассказ,1985,100000,1,NA,NA,NA,Ленинград,м,Велосипедный сыщик
"Гиневский, А. М.",Везучий Борька,рассказ,1985,100000,1,NA,NA,NA,Ленинград,м,«Я так вас ждал…»
"Гиневский, А. М.",Везучий Борька,рассказ,1985,100000,1,NA,NA,NA,Ленинград,м,Разноцветные «Волги»
"Гиневский, А. М.",Везучий Борька,рассказ,1985,100000,1,NA,NA,NA,Ленинград,м,Дела-делишки 
"Гиневский, А. М.",Везучий Борька,рассказ,1985,100000,1,NA,NA,NA,Ленинград,м,Корова под куполом цирка
"Гиневский, А. М.",Везучий Борька,рассказ,1985,100000,1,NA,NA,NA,Ленинград,м,Лентяйское сочинение
"Гиневский, А. М.",Везучий Борька,рассказ,1985,100000,1,NA,NA,NA,Ленинград,м,Императорская собака
"Гиневский, А. М.",Везучий Борька,рассказ,1985,100000,1,NA,NA,NA,Ленинград,м,Лыжный денёк
"Гиневский, А. М.",Везучий Борька,рассказ,1985,100000,1,NA,NA,NA,Ленинград,м,Однажды у молочной бочки
"Гиневский, А. М.",Везучий Борька,повесть,1985,100000,1,NA,NA,NA,Ленинград,м,Высокое прясло
"Григорович, Д. В.",Гуттаперчивый мальчик,повесть,1985,250000,1,NA,NA,NA,Кемерово,м,Гуттаперчивый мальчик
"Драгунский, В. Ю.",Девочка на шаре,рассказ,1985,100000,1,NA,NA,NA,Москва,м,Девочка на шаре
"Дружинин, Н. К.",Лицом к огню ,повесть,1987,100000,NA,1,1,NA,Москва,м,Лицом к огню 
"Домаров, К. В.  ",Наши крестьянские звезды,рассказ,1988,115000,1,1,NA,NA,Киев,м,Наши крестьянские звезды
"Домаров, К. В.  ",Наши крестьянские звезды,рассказ,1988,115000,1,1,NA,NA,Киев,м,Гостинец от зайца
"Домаров, К. В.  ",Наши крестьянские звезды,рассказ,1988,115000,1,1,NA,NA,Киев,м,Кружка парного молока
"Домаров, К. В.  ",Наши крестьянские звезды,рассказ,1988,115000,1,1,NA,NA,Киев,м,Первый крючок
"Домаров, К. В.  ",Наши крестьянские звезды,рассказ,1988,115000,1,1,NA,NA,Киев,м,Красавчики
"Домаров, К. В.  ",Наши крестьянские звезды,рассказ,1988,115000,1,1,NA,NA,Киев,м,Упрямец
"Домаров, К. В.  ",Наши крестьянские звезды,рассказ,1988,115000,1,1,NA,NA,Киев,м,Перламутровый попугай
"Домаров, К. В.  ",Наши крестьянские звезды,рассказ,1988,115000,1,1,NA,NA,Киев,м,Журка и журавка
"Домаров, К. В.  ",Наши крестьянские звезды,рассказ,1988,115000,1,1,NA,NA,Киев,м,Мятая пуля
"Домаров, К. В.  ",Наши крестьянские звезды,рассказ,1988,115000,1,1,NA,NA,Киев,м,Устинова победа
"Домаров, К. В.  ",Наши крестьянские звезды,рассказ,1988,115000,1,1,NA,NA,Киев,м,Петька-пимокат
"Домаров, К. В.  ",Наши крестьянские звезды,рассказ,1988,115000,1,1,NA,NA,Киев,м,Масютино озеро
"Домаров, К. В.  ",Наши крестьянские звезды,рассказ,1988,115000,1,1,NA,NA,Киев,м,Предатель
"Домаров, К. В.  ",Наши крестьянские звезды,рассказ,1988,115000,1,1,NA,NA,Киев,м,Первое испытание
"Домаров, К. В.  ",Наши крестьянские звезды,рассказ,1988,115000,1,1,NA,NA,Киев,м,Случай на речке
"Домаров, К. В.  ",Наши крестьянские звезды,рассказ,1988,115000,1,1,NA,NA,Киев,м,Главная роль
"Домаров, К. В.  ",Наши крестьянские звезды,рассказ,1988,115000,1,1,NA,NA,Киев,м,"""Храбрецы"""
"Домаров, К. В.  ",Наши крестьянские звезды,рассказ,1988,115000,1,1,NA,NA,Киев,м,След
"Дубов, Н.",Б-ка мировой лит д детей,повесть,1985,407000,NA,NA,NA,NA,Москва,м,Мальчик у моря
"Душин, А. И.",Петя Поткин и другие,повесть,1985,15000,NA,1,1,NA,Саранск,м,Петя Поткин и другие
"Душин, А. И.",Петя Поткин и другие,рассказ,1985,15000,NA,1,1,NA,Саранск,м,Лобик
"Душин, А. И.",Петя Поткин и другие,рассказ,1985,15000,NA,1,1,NA,Саранск,м,"Кири-бири, или печальная истори жизни одного медвежнка"
"Душин, А. И.",Петя Поткин и другие,рассказ,1985,15000,NA,1,1,NA,Саранск,м,На охоте
"Душин, А. И.",Петя Поткин и другие,рассказ,1985,15000,NA,1,1,NA,Саранск,м,По следу
"Душин, А. И.",Петя Поткин и другие,рассказ,1985,15000,NA,1,1,NA,Саранск,м,"Сом, который проглтил туфельку"
"Емельянов, А. М.",Донькина деревня,повесть,1985,15000,1,NA,NA,NA,Йошкар-Ола,м,Донькина деревня
"Емельянов, А. М.",Донькина деревня,повесть,1985,15000,1,NA,NA,NA,Йошкар-Ола,м,Маленькие бамовцы
"Жигалов, С. А.",Не пускайте собаку на минное поле,повесть,1985,50000,NA,1,1,NA,Куйбышев,м,Не пускайте собаку на минное поле
"Жигалов, С. А.",Не пускайте собаку на минное поле,повесть,1985,50000,NA,1,1,NA,Куйбышев,м,В одной связке с Черным Альпинистом
"Жигалов, С. А.",Не пускайте собаку на минное поле,повесть,1985,50000,NA,1,1,NA,Куйбышев,м,Голубиное сердце
"Жигалов, С. А.",Не пускайте собаку на минное поле,рассказ,1985,50000,NA,1,1,NA,Куйбышев,м,Бесстрашный путешественник
"Жигалов, С. А.",Не пускайте собаку на минное поле,рассказ,1985,50000,NA,1,1,NA,Куйбышев,м,Убийство из-под фар
"Жигалов, С. А.",Не пускайте собаку на минное поле,рассказ,1985,50000,NA,1,1,NA,Куйбышев,м,На берегу вечности
"Железников, В. К.",Повести,повесть,1985,100000,NA,1,NA,NA,Москва,м,Жизнь и приключения чудака
"Железников, В. К.",Повести,повесть,1985,100000,NA,1,NA,NA,Москва,м,Хорошим людям - доброе утро
"Железников, В. К.",Повести,повесть,1985,100000,NA,1,NA,NA,Москва,м,Белые пароходы
"Железников, В. К.",Повести,повесть,1985,100000,NA,1,NA,NA,Москва,м,Чучело
"Жуков, Н. С.",Маленький почтальон ,повесть,1989,65000,1,1,NA,NA,Харьков,м,Маленький почтальон 
"Иванов, С. А.",Его среди нас нет,повесть,1985,100000,1,1,NA,NA,Москва,м,Его среди нас нет
"Иванов, С. А.",«Лето я провела хорошо...»,рассказ,1986,900000,1,NA,NA,NA,Москва,м,«Лето я провела хорошо...»
"Иванов, А. А.",Билет туда и обратно,повести,1985,75000,NA,1,NA,NA,Москва,м,Билет туда и обратно
"Иванов, А. А.",Билет туда и обратно,повести,1985,75000,NA,1,NA,NA,Москва,м,Спешащий путник
"Иванов, А. А.",Билет туда и обратно,повести,1985,75000,NA,1,NA,NA,Москва,м,Остальные люди
"Иванов, А. А.",Билет туда и обратно,рассказ,1985,75000,NA,1,NA,NA,Москва,м,Меня прогнали из детства…
"Иванов, А. А.",Билет туда и обратно,рассказ,1985,75000,NA,1,NA,NA,Москва,м,Восьмой этаж
"Иванов, А. А.",Билет туда и обратно,рассказ,1985,75000,NA,1,NA,NA,Москва,м,Леонид и Василиса
"Иванов, А. А.",Билет туда и обратно,рассказ,1985,75000,NA,1,NA,NA,Москва,м,В день Победы
"Иванов, А. А.",Билет туда и обратно,рассказ,1985,75000,NA,1,NA,NA,Москва,м,Встреча
"Иванов, А. А.",Билет туда и обратно,рассказ,1985,75000,NA,1,NA,NA,Москва,м,Далекий Бобров
"Иванов, А. А.",Билет туда и обратно,рассказ,1985,75000,NA,1,NA,NA,Москва,м,"Двое, которые помнили"
"Иванов, А. А.",Билет туда и обратно,рассказ,1985,75000,NA,1,NA,NA,Москва,м,Лестница
"Ивенин, В. А.",На тропинке детства ,повесть,1987,15000,1,NA,NA,NA,Саранск,м,На тропинке детства 
"Икрамов, К. А.",«Славно за бугром коней пасти...»,повесть,1989,100000,NA,NA,1,NA,Москва,м,«Славно за бугром коней пасти...»
"Каверин, В. А.",Два капитана,роман,1985,200000,NA,1,1,NA,Москва,м,Два капитана
"Каверин, В. А.",Два капитана,роман,1985,200000,NA,1,1,NA,Киев,м,Два капитана
"Катаев, В. П.",Сын полка,повесть,1985,100000,NA,1,NA,NA,Алма-Ата,м,Сын полка
"Катаев, В. П.",Сын полка,повесть,1985,100000,1,NA,NA,NA,Москва,м,Сын полка
"Каликин, П. А.",Минька,повесть,1985,50000,1,NA,NA,NA,Алма-Ата,м,Минька
"Камалов, Ф.",Где моя собака,рассказ,1985,100000,1,NA,NA,NA,Москва,м,Где моя собака
"Касаткин, М. И.",Первозимок,рассказ,1985,65000,NA,NA,NA,NA,Москва,м,Первозимок
"Касаткин, М. И.",Первозимок,рассказ,1985,65000,NA,NA,NA,NA,Москва,м,Партизаны
"Касаткин, М. И.",Первозимок,рассказ,1985,65000,NA,NA,NA,NA,Москва,м,Всюду бой
"Касаткин, М. И.",Первозимок,рассказ,1985,65000,NA,NA,NA,NA,Москва,м,Один килограмм муки
"Касаткин, М. И.",Первозимок,рассказ,1985,65000,NA,NA,NA,NA,Москва,м,Проверка
"Касаткин, М. И.",Первозимок,рассказ,1985,65000,NA,NA,NA,NA,Москва,м,Малиновый чай
"Касаткин, М. И.",Первозимок,рассказ,1985,65000,NA,NA,NA,NA,Москва,м,Приговор приведен в исполнение
"Касаткин, М. И.",Первозимок,рассказ,1985,65000,NA,NA,NA,NA,Москва,м,Односельчане
"Касаткин, М. И.",Первозимок,рассказ,1985,65000,NA,NA,NA,NA,Москва,м,Разведчица Мурка
"Касаткин, М. И.",Первозимок,повесть,1985,65000,NA,NA,NA,NA,Москва,м,Расхват
"Кассиль, Л. А.",Кондуит и Швамбрания,повесть,1985,100000,NA,1,NA,NA,Москва,м,Кондуит и Швамбрания
"Катаев, В. П.",Белеет парус одинокий,повесть,1985,200000,NA,1,NA,NA,Москва,м,Белеет парус одинокий
"Катаев, В. П.",Белеет парус одинокий,повесть,1986,100000,NA,NA,NA,NA,Киев,м,Белеет парус одинокий
"Климов, В. В.",Часовые Атамановой горы,повесть,1985,30000,NA,1,NA,NA,Воронеж,м,Часовые Атамановой горы 
"Климов, В. В.",Часовые Атамановой горы,повесть,1985,30000,NA,1,NA,NA,Воронеж,м,У дворца принцессы
"Климов, В. В.",Часовые Атамановой горы,повесть,1985,30000,NA,1,NA,NA,Воронеж,м,Ветер с переднего края
"Колосов, М. М.",Мальчишка,повесть,1985,500000,NA,NA,1,NA,Москва,м,Мальчишка
"Коваль, Ю. И.",Кепка с карасями,рассказ,1985,100000,1,NA,NA,NA,Москва,м,Кепка с карасями
"Коробейников, Г. А.",Пещера Рыжего монаха,повесть,1985,100000,NA,1,NA,NA,Москва,м,Пещера Рыжего монаха
"Кривомазов, Н. П.",Пропало лето : повесть для юношества в шести магнитофонных записях,повесть,1985,100000,NA,NA,1,NA,Иркутск,м,Пропало лето : повесть для юношества в шести магнитофонных записях
"Кузнецова, А.",Б-ка мировой лит д детей,повесть,1985,407000,NA,NA,NA,NA,Москва,ж,Земной поклон
"Зубенко, И. А.",Судите сами,повесть,1986,15000,NA,1,1,NA,Краснодар,м,Начинаю жить
"Зубенко, И. А.",Судите сами,повесть,1986,15000,NA,1,1,NA,Краснодар,м,Тополя в соломе
"Зубенко, И. А.",Судите сами,рассказ,1986,15000,NA,1,1,NA,Краснодар,м,Мастер
"Зубенко, И. А.",Судите сами,рассказ,1986,15000,NA,1,1,NA,Краснодар,м,На краю осени
"Зубенко, И. А.",Судите сами,рассказ,1986,15000,NA,1,1,NA,Краснодар,м,На закате
"Зубенко, И. А.",Судите сами,рассказ,1986,15000,NA,1,1,NA,Краснодар,м,Родины моей свет
"Зубенко, И. А.",Судите сами,рассказ,1986,15000,NA,1,1,NA,Краснодар,м,Высокий берег
"Зубенко, И. А.",Судите сами,рассказ,1986,15000,NA,1,1,NA,Краснодар,м,Егорий Победоносец
"Зубенко, И. А.",Судите сами,рассказ,1986,15000,NA,1,1,NA,Краснодар,м,Чужой
"Зубенко, И. А.",Судите сами,рассказ,1986,15000,NA,1,1,NA,Краснодар,м,Ревнивый Финашкин
"Зубенко, И. А.",Судите сами,рассказ,1986,15000,NA,1,1,NA,Краснодар,м,Сыновья борозда
"Зубенко, И. А.",Судите сами,рассказ,1986,15000,NA,1,1,NA,Краснодар,м,Дядюшкин гостинец
"Зубенко, И. А.",Судите сами,рассказ,1986,15000,NA,1,1,NA,Краснодар,м,В деревне дождь
"Зубенко, И. А.",Судите сами,рассказ,1986,15000,NA,1,1,NA,Краснодар,м,Смотрины
"Зубенко, И. А.",Судите сами,рассказ,1986,15000,NA,1,1,NA,Краснодар,м,Елизаветинские каменщики
"Зубенко, И. А.",Судите сами,рассказ,1986,15000,NA,1,1,NA,Краснодар,м,Судите сами
"Зубенко, И. А.",Судите сами,рассказ,1986,15000,NA,1,1,NA,Краснодар,м,Пенальти
"Зубенко, И. А.",Судите сами,рассказ,1986,15000,NA,1,1,NA,Краснодар,м,Свидание
"Зубенко, И. А.",Судите сами,рассказ,1986,15000,NA,1,1,NA,Краснодар,м,Бейпас
"Зубенко, И. А.",Судите сами,рассказ,1986,15000,NA,1,1,NA,Краснодар,м,Сыновья Казионовой
"Зубенко, И. А.",Судите сами,рассказ,1986,15000,NA,1,1,NA,Краснодар,м,Яблоки в траве
"Зубенко, И. А.",Судите сами,рассказ,1986,15000,NA,1,1,NA,Краснодар,м,При свете совести
"Зубенко, И. А.",Судите сами,рассказ,1986,15000,NA,1,1,NA,Краснодар,м,Убывает душа
"Зубенко, И. А.",Судите сами,рассказ,1986,15000,NA,1,1,NA,Краснодар,м,Исцеление песней
"Зубенко, И. А.",Судите сами,рассказ,1986,15000,NA,1,1,NA,Краснодар,м,Проводы
"Зубенко, И. А.",Судите сами,рассказ,1986,15000,NA,1,1,NA,Краснодар,м,Зойка
"Зубенко, И. А.",Судите сами,рассказ,1986,15000,NA,1,1,NA,Краснодар,м,Дайте мнне слово!
"Зубенко, И. А.",Судите сами,рассказ,1986,15000,NA,1,1,NA,Краснодар,м,Портрет матери
"Зубенко, И. А.",Судите сами,рассказ,1986,15000,NA,1,1,NA,Краснодар,м,Домой
"Карасева, В. Е.",Так и было,рассказ,1985,200000,1,NA,NA,NA,Киев,ж,Так и было
"Карасева, В. Е.",Так и было,повесть,1985,200000,1,NA,NA,NA,Киев,ж,Была война народная
"Карасева, В. Е.",Так и было,рассказ,1985,200000,1,NA,NA,NA,Киев,ж,Юрка
"Карасева, В. Е.",Так и было,рассказ,1985,200000,1,NA,NA,NA,Киев,ж,Товарищи ленинградцы
"Карасева, В. Е.",Так и было,рассказ,1985,200000,1,NA,NA,NA,Киев,ж,Хлебные крошки
"Карасева, В. Е.",Так и было,рассказ,1985,200000,1,NA,NA,NA,Киев,ж,Ночной хлеб
"Карасева, В. Е.",Так и было,рассказ,1985,200000,1,NA,NA,NA,Киев,ж,Кирюшка
"Карасева, В. Е.",Так и было,рассказ,1985,200000,1,NA,NA,NA,Киев,ж,Разговор о Пушкине
"Карасева, В. Е.",Так и было,рассказ,1985,200000,1,NA,NA,NA,Киев,ж,Ленинградский характер
"Карасева, В. Е.",Так и было,рассказ,1985,200000,1,NA,NA,NA,Киев,ж,Осколок
"Карасева, В. Е.",Так и было,рассказ,1985,200000,1,NA,NA,NA,Киев,ж,Новогодний подарок
"Карасева, В. Е.",Так и было,рассказ,1985,200000,1,NA,NA,NA,Киев,ж,Всегда готов!
"Карасева, В. Е.",Так и было,рассказ,1985,200000,1,NA,NA,NA,Киев,ж,Письма
"Карасева, В. Е.",Так и было,рассказ,1985,200000,1,NA,NA,NA,Киев,ж,Зеленая скамейка
"Карасева, В. Е.",Так и было,рассказ,1985,200000,1,NA,NA,NA,Киев,ж,Васенька
"Карасева, В. Е.",Так и было,рассказ,1985,200000,1,NA,NA,NA,Киев,ж,Горбушки
"Карасева, В. Е.",Так и было,рассказ,1985,200000,1,NA,NA,NA,Киев,ж,Суп из двенадцати чечевичек
"Карасева, В. Е.",Так и было,рассказ,1985,200000,1,NA,NA,NA,Киев,ж,За крапивой
"Карасева, В. Е.",Так и было,рассказ,1985,200000,1,NA,NA,NA,Киев,ж,Палочка-выручалочка
"Карасева, В. Е.",Так и было,рассказ,1985,200000,1,NA,NA,NA,Киев,ж,Самые обыкновенные
"Кассиль, Л. А.",Великое противостояние,повесть,1985,50000,NA,1,1,NA,Горький,м,Великое противостояние
"Крупин, В. Н.  ",Иван - крестьянский сын,повесть,1986,100000,1,NA,NA,NA,Москва,м,Иван - крестьянский сын
"Кузьмин, Л. И.",Ключик-замочек ,рассказ,1986,100000,1,NA,NA,NA,Москва,м,Пчелка
"Кузьмин, Л. И.",Ключик-замочек ,рассказ,1986,100000,1,NA,NA,NA,Москва,м,"Привет тебе, Митя Кукин!"
"Кузьмин, Л. И.",Ключик-замочек ,рассказ,1986,100000,1,NA,NA,NA,Москва,м,Серебряная труба
"Кузьмин, Л. И.",Ключик-замочек ,рассказ,1986,100000,1,NA,NA,NA,Москва,м,Полоса невезения
"Кузьмин, Л. И.",Ключик-замочек ,рассказ,1986,100000,1,NA,NA,NA,Москва,м,Грустная Элизабет
"Кузьмин, Л. И.",Ключик-замочек ,рассказ,1986,100000,1,NA,NA,NA,Москва,м,Ключик-замочек
"Куликов, А. П.",В городке сибирском,повесть,1985,30000,NA,1,NA,NA,Новосибирск,м,В городке сибирском
"Куликов, А. П.",В городке сибирском,повесть,1985,30000,NA,1,NA,NA,Новосибирск,м,Из Андрейкиной жизни
"Куликов, А. П.",В городке сибирском,рассказ,1985,30000,NA,1,NA,NA,Новосибирск,м,На рассвете
"Куликов, А. П.",В городке сибирском,рассказ,1985,30000,NA,1,NA,NA,Новосибирск,м,Устроилась
"Куликов, А. П.",В городке сибирском,рассказ,1985,30000,NA,1,NA,NA,Новосибирск,м,Утренний концерт
"Куликов, А. П.",В городке сибирском,рассказ,1985,30000,NA,1,NA,NA,Новосибирск,м,Чернуха
"Куликов, А. П.",В городке сибирском,рассказ,1985,30000,NA,1,NA,NA,Новосибирск,м,Ласточки
"Куликов, А. П.",В городке сибирском,рассказ,1985,30000,NA,1,NA,NA,Новосибирск,м,Запах осени
"Куликов, А. П.",В городке сибирском,рассказ,1985,30000,NA,1,NA,NA,Новосибирск,м,Перволедье
"Куликов, А. П.",В городке сибирском,рассказ,1985,30000,NA,1,NA,NA,Новосибирск,м,Гриб убежал
"Куликов, А. П.",В городке сибирском,рассказ,1985,30000,NA,1,NA,NA,Новосибирск,м,Старый пень
"Киндер, И. Ф.",Колесо,рассказ,1987,30000,NA,1,NA,NA,Казань,м,Колесо
"Киндер, И. Ф.",Колесо,рассказ,1987,30000,NA,1,NA,NA,Казань,м,Кых
"Киндер, И. Ф.",Колесо,рассказ,1987,30000,NA,1,NA,NA,Казань,м,Кукла
"Киндер, И. Ф.",Колесо,рассказ,1987,30000,NA,1,NA,NA,Казань,м,Маленький Диоген
"Киндер, И. Ф.",Колесо,рассказ,1987,30000,NA,1,NA,NA,Казань,м,"Алеша, бабушка и Наташа"
"Киндер, И. Ф.",Колесо,рассказ,1987,30000,NA,1,NA,NA,Казань,м,Обида
"Киндер, И. Ф.",Колесо,рассказ,1987,30000,NA,1,NA,NA,Казань,м,Про Игорька и пишущую машинку
"Киндер, И. Ф.",Колесо,рассказ,1987,30000,NA,1,NA,NA,Казань,м,Письмо к бабушке
"Киндер, И. Ф.",Колесо,рассказ,1987,30000,NA,1,NA,NA,Казань,м,Папаха
"Киндер, И. Ф.",Колесо,рассказ,1987,30000,NA,1,NA,NA,Казань,м,Юннаты
"Киндер, И. Ф.",Колесо,рассказ,1987,30000,NA,1,NA,NA,Казань,м,Черныш
"Киндер, И. Ф.",Колесо,рассказ,1987,30000,NA,1,NA,NA,Казань,м,"""Стрекозел"""
"Киндер, И. Ф.",Колесо,рассказ,1987,30000,NA,1,NA,NA,Казань,м,Неслух
"Киндер, И. Ф.",Колесо,рассказ,1987,30000,NA,1,NA,NA,Казань,м,Испытание
"Киндер, И. Ф.",Колесо,рассказ,1987,30000,NA,1,NA,NA,Казань,м,Фокусник
"Киндер, И. Ф.",Колесо,рассказ,1987,30000,NA,1,NA,NA,Казань,м,Полурыцари
"Киндер, И. Ф.",Колесо,рассказ,1987,30000,NA,1,NA,NA,Казань,м,Мороженое
"Киндер, И. Ф.",Колесо,рассказ,1987,30000,NA,1,NA,NA,Казань,м,Обнова
"Киндер, И. Ф.",Колесо,рассказ,1987,30000,NA,1,NA,NA,Казань,м,Упрямство
"Киндер, И. Ф.",Колесо,рассказ,1987,30000,NA,1,NA,NA,Казань,м,Подарок
"Киндер, И. Ф.",Колесо,рассказ,1987,30000,NA,1,NA,NA,Казань,м,"""Коллекционер"""
"Киндер, И. Ф.",Колесо,рассказ,1987,30000,NA,1,NA,NA,Казань,м,Находка
"Киндер, И. Ф.",Колесо,рассказ,1987,30000,NA,1,NA,NA,Казань,м,Алтынка
"Киндер, И. Ф.",Колесо,рассказ,1987,30000,NA,1,NA,NA,Казань,м,Нестандартное задание
"Киндер, И. Ф.",Колесо,рассказ,1987,30000,NA,1,NA,NA,Казань,м,Горка
"Киндер, И. Ф.",Колесо,рассказ,1987,30000,NA,1,NA,NA,Казань,м,Зигзаг
"Киндер, И. Ф.",Колесо,рассказ,1987,30000,NA,1,NA,NA,Казань,м,Табачок-крепачок
"Киндер, И. Ф.",Колесо,рассказ,1987,30000,NA,1,NA,NA,Казань,м,Игра
"Киндер, И. Ф.",Колесо,рассказ,1987,30000,NA,1,NA,NA,Казань,м,Налетчик
"Киндер, И. Ф.",Колесо,рассказ,1987,30000,NA,1,NA,NA,Казань,м,Старый знакомый
"Киндер, И. Ф.",Колесо,повесть,1985,150000,1,1,NA,NA,Казань,м,Следопыты
"Кокоулин, Л. Л.",Андрейка,повесть,1987,100000,NA,NA,1,NA,Москва,м,Андрейка
"Коржиков, В. Т.",Пусть посмотрит в глаза граница,повесть,1987,100000,1,NA,NA,NA,Москва,м,Пусть посмотрит в глаза граница
"Кузьмин, Л. И.",Под теплым небом,рассказ,1987,60000,1,NA,NA,NA,Пермь,м,Под теплым небом
"Кузьмин, Л. И.",Под теплым небом,рассказ,1987,60000,1,NA,NA,NA,Пермь,м,Пчелка
"Кузьмин, Л. И.",Под теплым небом,рассказ,1987,60000,1,NA,NA,NA,Пермь,м,Светлячок на ладошке
"Кузьмин, Л. И.",Под теплым небом,рассказ,1987,60000,1,NA,NA,NA,Пермь,м,Беглец
"Кузьмин, Л. И.",Под теплым небом,рассказ,1987,60000,1,NA,NA,NA,Пермь,м,Малахай
"Кузьмин, Л. И.",Под теплым небом,рассказ,1987,60000,1,NA,NA,NA,Пермь,м,Огонек
"Кузьмин, Л. И.",Под теплым небом,рассказ,1987,60000,1,NA,NA,NA,Пермь,м,Салют в Стрижатах
"Кузьмин, Л. И.",Под теплым небом,рассказ,1987,60000,1,NA,NA,NA,Пермь,м,Серебряная труба
"Кузьмин, Л. И.",Под теплым небом,повесть,1987,60000,1,NA,NA,NA,Пермь,м,Настоящий медведь
"Кузьмин, Л. И.",Под теплым небом,рассказ,1987,60000,1,NA,NA,NA,Пермь,м,Оля маленькая
"Кузьмин, Л. И.",Под теплым небом,рассказ,1987,60000,1,NA,NA,NA,Пермь,м,"Осенью, при солнышке"
"Кузьмин, Л. И.",Под теплым небом,рассказ,1987,60000,1,NA,NA,NA,Пермь,м,Малые Звоны
"Кузьмин, Л. И.",Под теплым небом,рассказ,1987,60000,1,NA,NA,NA,Пермь,м,Любовь Николаевна
"Кузьмин, Л. И.",Под теплым небом,повесть,1987,60000,1,NA,NA,NA,Пермь,м,Ключик-замочек
"Кузьмин, Л. И.",Под теплым небом,повесть,1987,60000,1,NA,NA,NA,Пермь,м,Грустная Элизабет
"Кузьмин, Л. И.",Под теплым небом,рассказ,1987,60000,1,NA,NA,NA,Пермь,м,Полоса невезения
"Кузьмин, Л. И.",Под теплым небом,повесть,1987,60000,1,NA,NA,NA,Пермь,м,Ранний экспресс
"Кузьмин, Л. И.",Под теплым небом,рассказ,1987,60000,1,NA,NA,NA,Пермь,м,Ефрейтор Полухин
"Кузьмин, Л. И.",Под теплым небом,повесть,1987,60000,1,NA,NA,NA,Пермь,м,Луна над заставой
"Куприн, А. И.",Чудесный доктор,рассказ,1985,600000,1,NA,NA,NA,Киев,м,Чудесный доктор
"Каленова, Т. А.",А рядом - море,повесть,1988,NA,NA,NA,NA,NA,Томск,ж,Девчонки уходят в море
"Каленова, Т. А.",А рядом - море,повесть,1988,NA,NA,NA,NA,NA,Томск,ж,Временная учительница
"Ким, А. А.",Федина избушка ,рассказ,1988,150000,1,NA,NA,NA,Москва,м,Федина избушка 
"Кузьмин, Л. И.",Золотые острова,рассказ,1988,100000,1,NA,NA,NA,Москва,м,Золотые острова
"Кузьмин, Л. И.",Узелок,рассказ,1988,100000,1,NA,NA,NA,Москва,м,Узелок
"Кузьмин, Л. И.",Полоса невезения,рассказ,1988,100000,1,NA,NA,NA,Москва,м,Полоса невезения
"Кузьмин, Л. И.",Ранний экспрес,повесть,1988,100000,1,NA,NA,NA,Москва,м,Ранний экспрес
"Книжник, Г. С.",Петька,повесть,1989,100000,1,NA,NA,NA,Москва,м,Петька
"Козлов, В. Ф.",Пашкин самолет,рассказ,1989,150000,1,NA,NA,NA,Москва,м,Пашкин самолет
"Леонов, А. Д.",Чей совет дороже? : повесть о юности,повесть,1985,100000,NA,NA,1,NA,Ленинград,м,Чей совет дороже? : повесть о юности
"Липатов, В. В.",И это все о нем,роман,1985,400000,NA,NA,1,NA,Минск,м,И это все о нем
"Лиханов, А. А.",Б-ка мировой лит д детей,роман,1985,407000,NA,NA,NA,NA,Москва,м,Мой генерал
"Лиханов, А. А.",Мой генерал,роман,1985,125000,1,NA,NA,NA,Минск,м,Мой генерал
"Лиханов, А. А.",Мой генерал,роман,1985,300000,1,NA,NA,NA,Москва,м,Мой генерал
"Лихоталь, Т. В.",Одно лето на краю света ,повесть,1989,100000,1,NA,NA,NA,Москва,ж,Одно лето на краю света 
"Матвеев, Г. И.",Тарантул,повесть,1985,300000,NA,1,1,NA,Ленинград,м,Тарантул
"Матвеев, Г. И.",Зеленые цепочки,повесть,1985,300000,NA,1,1,NA,Ленинград,м,Зеленые цепочки
"Матвеев, Г. И.",Тайная схватка,повесть,1985,300000,NA,1,1,NA,Ленинград,м,Тайная схватка
"Матвеева, Л. Г.",Дарю тебе велосипед,повесть,1985,100000,1,NA,NA,NA,Москва,м,Дарю тебе велосипед
"Могилев, Г. С.",Детство с облаками,повесть,1985,15000,NA,1,1,NA,Ставрополь,м,Детство с облаками
"Москвин, Н. Я.",Лето летающих,повесть,1985,100000,NA,1,NA,NA,Москва,м,Лето летающих
"Мошковский, А. И.",Не опоздай к приливу,повесть,1985,NA,NA,1,1,NA,Москва,м,Не опоздай к приливу
"Мошковский, А. И.",Не опоздай к приливу,повесть,1985,NA,NA,1,1,NA,Москва,м,"Не погаснет, не замерзнет"
"Мошковский, А. И.",Не опоздай к приливу,повесть,1985,NA,NA,1,1,NA,Москва,м,Черные кипарисы
"Мошковский, А. И.",Не опоздай к приливу,рассказ,1985,NA,NA,1,1,NA,Москва,м,Мертвое ущелье
"Мошковский, А. И.",Не опоздай к приливу,рассказ,1985,NA,NA,1,1,NA,Москва,м,Таран
"Мошковский, А. И.",Не опоздай к приливу,рассказ,1985,NA,NA,1,1,NA,Москва,м,Побег
"Мошковский, А. И.",Не опоздай к приливу,рассказ,1985,NA,NA,1,1,NA,Москва,м,Лавина
"Мошковский, А. И.",Не опоздай к приливу,рассказ,1985,NA,NA,1,1,NA,Москва,м,Один на один
"Мошковский, А. И.",Не опоздай к приливу,рассказ,1985,NA,NA,1,1,NA,Москва,м,В поисках шамана
"Мошковский, А. И.",Не опоздай к приливу,рассказ,1985,NA,NA,1,1,NA,Москва,м,Спирька - волчья смерть
"Медведев, В. В.",Плюс восьмое марта,NA,1986,NA,1,NA,NA,NA,Москва,м,Плюс восьмое марта
"Медведев, В. В.",Прыжок в известность,рассказ,1986,100000,1,1,NA,NA,Москва,м,Фотографии проявить после войны
"Медведев, В. В.",Прыжок в известность,рассказ,1986,100000,1,1,NA,NA,Москва,м,Срочный вклад
"Медведев, В. В.",Прыжок в известность,рассказ,1986,100000,1,1,NA,NA,Москва,м,Сберегательная кошка
"Медведев, В. В.",Прыжок в известность,рассказ,1986,100000,1,1,NA,NA,Москва,м,Сказочный совет
"Медведев, В. В.",Прыжок в известность,рассказ,1986,100000,1,1,NA,NA,Москва,м,Самый ленивый мальчик на свете 
"Медведев, В. В.",Прыжок в известность,рассказ,1986,100000,1,1,NA,NA,Москва,м,Самый жадный мальчик на свете
"Медведев, В. В.",Прыжок в известность,рассказ,1986,100000,1,1,NA,NA,Москва,м,В большом доме
"Медведев, В. В.",Прыжок в известность,рассказ,1986,100000,1,1,NA,NA,Москва,м,Сашина бессонница
"Медведев, В. В.",Прыжок в известность,рассказ,1986,100000,1,1,NA,NA,Москва,м,Капитан Соври-голова : рассказы из жизни Дмитрия Колчанова 
"Медведев, В. В.",Прыжок в известность,рассказ,1986,100000,1,1,NA,NA,Москва,м,"Из ""спасибо"" шубы не сошьешь"
"Медведев, В. В.",Прыжок в известность,рассказ,1986,100000,1,1,NA,NA,Москва,м,Самая красивая музыка
"Медведев, В. В.",Прыжок в известность,рассказ,1986,100000,1,1,NA,NA,Москва,м,Радуйтесь! Мы победили!
"Медведев, В. В.",Прыжок в известность,рассказ,1986,100000,1,1,NA,NA,Москва,м,Мальчишкина сила
"Медведев, В. В.",Прыжок в известность,рассказ,1986,100000,1,1,NA,NA,Москва,м,Как Грунька в космос летала
"Медведев, В. В.",Прыжок в известность,рассказ,1986,100000,1,1,NA,NA,Москва,м,"Человек-невидимка с клюшкой, или Шестой игрок в хоккейной пятерке"
"Медведев, В. В.",Прыжок в известность,рассказ,1986,100000,1,1,NA,NA,Москва,м,Обыкновенный великан
"Медведев, В. В.",Прыжок в известность,рассказ,1986,100000,1,1,NA,NA,Москва,м,Волшебник Ещераз
"Медведев, В. В.",Прыжок в известность,рассказ,1986,100000,1,1,NA,NA,Москва,м,Некрасивая девчонка
"Медведев, В. В.",Прыжок в известность,рассказ,1986,100000,1,1,NA,NA,Москва,м,Золотая лихорадка
"Медведев, В. В.",Прыжок в известность,рассказ,1986,100000,1,1,NA,NA,Москва,м,Фосфорический мальчик
"Медведев, В. В.",Прыжок в известность,рассказ,1986,100000,1,1,NA,NA,Москва,м,"""Калорийные"" ботинки"
"Медведев, В. В.",Прыжок в известность,рассказ,1986,100000,1,1,NA,NA,Москва,м,Ужин с удавом
"Медведев, В. В.",Прыжок в известность,рассказ,1986,100000,1,1,NA,NA,Москва,м,Дым в рюкзаке
"Медведев, В. В.",Прыжок в известность,рассказ,1986,100000,1,1,NA,NA,Москва,м,Мы сами всё расскажем
"Медведев, В. В.",Прыжок в известность,рассказ,1986,100000,1,1,NA,NA,Москва,м,Научное закрытие Димы Колчанова
"Медведев, В. В.",Прыжок в известность,рассказ,1986,100000,1,1,NA,NA,Москва,м,Прыжок в известность
"Медведев, В. С.",Огнекрылка,рассказ,1987,NA,1,NA,NA,NA,Ярославль,м,Письмо с фронта
"Медведев, В. С.",Огнекрылка,рассказ,1987,NA,1,NA,NA,NA,Ярославль,м,Ножичек из гвоздя
"Медведев, В. С.",Огнекрылка,рассказ,1987,NA,1,NA,NA,NA,Ярославль,м,Встреча с отцом
"Медведев, В. С.",Огнекрылка,рассказ,1987,NA,1,NA,NA,NA,Ярославль,м,Сапоги
"Медведев, В. С.",Огнекрылка,рассказ,1987,NA,1,NA,NA,NA,Ярославль,м,Береза
"Медведев, В. С.",Огнекрылка,рассказ,1987,NA,1,NA,NA,NA,Ярославль,м,Черный хлеб и красные ягоды 
"Медведская, А. Б.",Босиком по снегу ,NA,1988,NA,1,NA,NA,NA,Архангельск ; Вологда,м,Босиком по снегу 
"Мирнев, В. Н.",Живое дерево ,повесть,1988,100000,1,NA,NA,NA,Москва,м,Живое дерево 
"Наволочкин, Н. Д.","""Бор-Бос"" поднимает паруса",повесть,1985,100000,1,NA,NA,NA,Хабаровск,м,"""Бор-Бос"" поднимает паруса"
"Нечаев, Л. Е.  ",Ромашка и Черныш,повесть,1988,NA,1,NA,NA,NA,Москва,м,Ромашка и Черныш
"Носов, Н. Н.",Затейники,рассказ,1985,2000000,1,NA,NA,NA,Москва,м,Затейники
"Осеева, В. А.",Динка,повесть,1985,180000,NA,1,NA,NA,Минск,ж,Динка
"Путилина, В. В.",За рекой Синезеркой,повесть,1985,100000,1,NA,NA,NA,Москва,ж,За рекой Синезеркой
"Потанин, В. Ф. ",Белые кони : Страницы жизни Степы Луканина,повесть,1985,100000,1,NA,NA,NA,Москва,м,Белые кони : Страницы жизни Степы Луканина
"Падерин, Г. Н.",Под боком у чужой комендатуры : Из тетрадей военной поры,NA,1985,50000,NA,1,NA,NA,Новосибирск,м,Под боком у чужой комендатуры : Из тетрадей военной поры
"Пантелеев, Л.",Первый подвиг,рассказ,1985,400000,1,NA,NA,NA,Киев,м,Первый подвиг
"Пантелеев, Л.",Первый подвиг,рассказ,1985,400000,1,NA,NA,NA,Киев,м,Ночка
"Пантелеев, Л.",Первый подвиг,рассказ,1985,400000,1,NA,NA,NA,Киев,м,Честное слово
"Пантелеев, Л.",Первый подвиг,рассказ,1985,400000,1,NA,NA,NA,Киев,м,Новенькая
"Пантелеев, Л.",Первый подвиг,рассказ,1985,400000,1,NA,NA,NA,Киев,м,На ялике
"Пантелеев, Л.",Первый подвиг,рассказ,1985,400000,1,NA,NA,NA,Киев,м,Главный инженер
"Пантелеев, Л.",Первый подвиг,рассказ,1985,400000,1,NA,NA,NA,Киев,м,Индиан Чубатый
"Пантелеев, Л.",Платочек,рассказ,1985,150000,1,NA,NA,NA,Элиста,м,Платочек
"Пантелеев, Л.",Платочек,рассказ,1985,150000,1,NA,NA,NA,Элиста,м,Маринка
"Пантелеев, Л.",Платочек,рассказ,1985,150000,1,NA,NA,NA,Элиста,м,На ялике
"Пантелеев, Л.",Платочек,рассказ,1985,150000,1,NA,NA,NA,Элиста,м,Долорес
"Пантелеев, Л.",Платочек,рассказ,1985,150000,1,NA,NA,NA,Элиста,м,Главный инженер
"Переладов, В. М.",Сочинение на свободную тему,повесть,1985,15000,NA,NA,1,NA,Ростов на Дону,м,Сочинение на свободную тему
"Петухов, А. В.",Без отца,повесть,1987,NA,NA,NA,1,NA,Москва,м,Без отца
"Петухов, А. В.",Без отца,повесть,1989,300000,NA,NA,1,NA,Москва,м,Без отца
"Пикуль, В. С.",Мальчики с бантиками,повесть,1985,150000,NA,1,1,NA,Петрозаводск,м,Мальчики с бантиками
"Полетаев, С. Е. ",Последний коршун,рассказ,1988,100000,1,NA,NA,NA,Москва,м,Последний коршун 
"Полетаев, С. Е. ",Последний коршун,рассказ,1988,100000,1,NA,NA,NA,Москва,м,Пропала бабушка
"Полетаев, С. Е. ",Последний коршун,рассказ,1988,100000,1,NA,NA,NA,Москва,м,Кузя ниоткуда
"Полетаев, С. Е. ",Последний коршун,рассказ,1988,100000,1,NA,NA,NA,Москва,м,Секретное слово
"Полетаев, С. Е. ",Последний коршун,рассказ,1988,100000,1,NA,NA,NA,Москва,м,Как Димка сам почту возил
"Полетаев, С. Е. ",Последний коршун,рассказ,1988,100000,1,NA,NA,NA,Москва,м,Научная находка
"Полетаев, С. Е. ",Последний коршун,рассказ,1988,100000,1,NA,NA,NA,Москва,м,Ромка-артист
"Полетаев, С. Е. ",Последний коршун,рассказ,1988,100000,1,NA,NA,NA,Москва,м,Воронок
"Полетаев, С. Е. ",Последний коршун,рассказ,1988,100000,1,NA,NA,NA,Москва,м,Полуночница
"Полетаев, С. Е. ",Последний коршун,рассказ,1988,100000,1,NA,NA,NA,Москва,м,Жаворонок для Варьки
"Полетаев, С. Е. ",Последний коршун,рассказ,1988,100000,1,NA,NA,NA,Москва,м,Чихаревская артель
"Полетаев, С. Е. ",Последний коршун,рассказ,1988,100000,1,NA,NA,NA,Москва,м,Чья лопата сильнее?
"Полетаев, С. Е. ",Последний коршун,рассказ,1988,100000,1,NA,NA,NA,Москва,м,Приглашение на арбуз
"Полетаев, С. Е. ",Последний коршун,рассказ,1988,100000,1,NA,NA,NA,Москва,м,Тюха-матюха
"Полетаев, С. Е. ",Последний коршун,рассказ,1988,100000,1,NA,NA,NA,Москва,м,Скворец № 17
"Полетаев, С. Е. ",Последний коршун,рассказ,1988,100000,1,NA,NA,NA,Москва,м,Юлька и Павлик
"Приставкин, А. И.",Ночевала тучка золотая,повесть,1988,100000,NA,NA,NA,NA,Москва,м,Ночевала тучка золотая
"Приставкин, А. И.",Ночевала тучка золотая,повесть,1988,200000,NA,NA,NA,NA,Москва,м,Ночевала тучка золотая
"Приставкин, А. И.",Ночевала тучка золотая,повесть,1988,100000,NA,NA,NA,NA,Москва,м,Ночевала тучка золотая
"Приставкин, А. И.",Ночевала тучка золотая,повесть,1988,100000,NA,NA,NA,NA,Москва,м,Судный день
"Приставкин, А. И.",Ночевала тучка золотая,повесть,1988,100000,NA,NA,NA,NA,Москва,м,Мимо острова Буяна
"Приставкин, А. И.",Ночевала тучка золотая,рассказ,1988,100000,NA,NA,NA,NA,Москва,м,О непервой любви
"Приставкин, А. И.",Ночевала тучка золотая,рассказ,1988,100000,NA,NA,NA,NA,Москва,м,Дорога на Байкал
"Приставкин, А. И.",Ночевала тучка золотая,рассказ,1988,100000,NA,NA,NA,NA,Москва,м,Банальная история
"Приставкин, А. И.",Ночевала тучка золотая,рассказ,1988,100000,NA,NA,NA,NA,Москва,м,Птушенька
"Приставкин, А. И.",Ночевала тучка золотая,повесть,1988,200000,NA,NA,NA,NA,Москва,м,Солдат и мальчик
"Рязанова, Е. М.",Зовут горизонты,повесть,1985,50000,NA,NA,1,NA,Саратов,ж,На пороге юности
"Рязанова, Е. М.",Зовут горизонты,повесть,1985,50000,NA,NA,1,NA,Саратов,ж,Малая рыбушка
"Соколовский, В. Г.","Мальчишки, мальчишки…",повесть,1985,30000,NA,NA,NA,NA,Пермь,м,"Мальчишки, мальчишки..."
"Соколовский, В. Г.","Мальчишки, мальчишки…",повесть,1985,30000,NA,NA,NA,NA,Пермь,м,Ребячье поле
"Соколовский, В. Г.","Мальчишки, мальчишки…",повесть,1985,30000,NA,NA,NA,NA,Пермь,м,Пал Иваныч из Пушечного
"Сухачев, М. П.",Дети блокады,повесть,1989,NA,NA,1,NA,NA,Москва,м,Дети блокады
"Семяновский, Ф. М.",Повесть о фронтовом детстве,повесть,1985,100000,1,NA,NA,NA,Москва,м,Повесть о фронтовом детстве
"Серединский, В. П.",Валька,повесть,1985,30000,NA,1,NA,NA,Магадан,м,Валька
"Сергеев, Л. А.",Собиратель чудес,рассказ,1990,150000,1,NA,NA,NA,Москва,м,Собиратель чудес
"Сергеев, Л. А.",Собиратель чудес,рассказ,1990,150000,1,NA,NA,NA,Москва,м,Когда я был мальчишкой
"Сергеев, Л. А.",Собиратель чудес,рассказ,1990,150000,1,NA,NA,NA,Москва,м,Клоун
"Сергеев, Л. А.",Собиратель чудес,рассказ,1990,150000,1,NA,NA,NA,Москва,м,Художник
"Сергеев, Л. А.",Собиратель чудес,рассказ,1990,150000,1,NA,NA,NA,Москва,м,Фотограф
"Сергеев, Л. А.",Собиратель чудес,рассказ,1990,150000,1,NA,NA,NA,Москва,м,Музыкант
"Симонова, Л. С.",Круг,повесть,1990,100000,NA,1,1,NA,Москва,ж,Круг
"Соколовский, В. Г.",Маршрут,повесть,1990,50000,NA,NA,NA,NA,Пермь,м,Ваня Карасов
"Соколовский, В. Г.",Маршрут,повесть,1990,50000,NA,NA,NA,NA,Пермь,м,Ребячье поле
"Соколовский, В. Г.",Маршрут,повесть,1990,50000,NA,NA,NA,NA,Пермь,м,Пал Иваныч из Пушечного
"Соколовский, В. Г.",Маршрут,повесть,1990,50000,NA,NA,NA,NA,Пермь,м,Маршрут
"Соколовский, В. Г.",Маршрут,рассказ,1990,50000,NA,NA,NA,NA,Пермь,м,Волна
"Солоухин, В. А.",Ножичек с костяной ручкой,рассказ,1985,900000,1,NA,NA,NA,Москва,м,Ножичек с костяной ручкой
"Солоухин, В. А.",Ножичек с костяной ручкой,рассказ,1985,900000,1,NA,NA,NA,Москва,м,Мститель
"Солоухин, В. А.",Ножичек с костяной ручкой,рассказ,1985,900000,1,NA,NA,NA,Москва,м,Подворотня
"Солоухин, В. А.",Ножичек с костяной ручкой,рассказ,1985,900000,1,NA,NA,NA,Москва,м,Бишка
"Солоухин, В. А.",Ножичек с костяной ручкой,рассказ,1985,900000,1,NA,NA,NA,Москва,м,Выводок
"Солоухин, В. А.",Ножичек с костяной ручкой,рассказ,1985,900000,1,NA,NA,NA,Москва,м,Белая трава
"Солоухин, В. А.",Ножичек с костяной ручкой,рассказ,1985,900000,1,NA,NA,NA,Москва,м,Летний паводок
"Тяпаев, А. П.",Соседи,повесть,1985,NA,NA,1,1,NA,Москва,м,Соседи
"Тихомиров, О. Н.",Трус не играет в хоккей,рассказ,1987,100000,1,NA,NA,NA,Москва,м,Трус не играет в хоккей
"Тихомиров, О. Н.",Трус не играет в хоккей,рассказ,1987,100000,1,NA,NA,NA,Москва,м,Как пили кофе во время войны
"Тихомиров, О. Н.",Трус не играет в хоккей,рассказ,1987,100000,1,NA,NA,NA,Москва,м,За рекой Вохрянкой
"Тихомиров, О. Н.",Трус не играет в хоккей,рассказ,1987,100000,1,NA,NA,NA,Москва,м,Аннушка
"Тихомиров, О. Н.",Трус не играет в хоккей,рассказ,1987,100000,1,NA,NA,NA,Москва,м,Телеграмма
"Тихомиров, О. Н.",Трус не играет в хоккей,рассказ,1987,100000,1,NA,NA,NA,Москва,м,Старик и внучка - Русалка без хвоста
"Тихомиров, О. Н.",Трус не играет в хоккей,рассказ,1987,100000,1,NA,NA,NA,Москва,м,Молчаливый Шалва
"Тихомиров, О. Н.",Трус не играет в хоккей,рассказ,1987,100000,1,NA,NA,NA,Москва,м,Кассиопея
"Тихомиров, О. Н.",Трус не играет в хоккей,рассказ,1987,100000,1,NA,NA,NA,Москва,м,Чемпион Гога Ренкин
"Тычинин, В. В.",Каникулы на колесах,повесть,1988,NA,NA,1,NA,NA,Киев,м,Каникулы на колесах
"Усова, Г. С.",Улица Серебристых Тополей,повесть,1985,150000,1,NA,NA,NA,Ленинград,ж,Улица Серебристых Тополей
"Фролов, Л. А.",Полежаевские мужички,рассказ,1985,100000,NA,1,NA,NA,Москва,м,Стакан киселя
"Фролов, Л. А.",Полежаевские мужички,рассказ,1985,100000,NA,1,NA,NA,Москва,м,Грузди-рыжики
"Фролов, Л. А.",Полежаевские мужички,рассказ,1985,100000,NA,1,NA,NA,Москва,м,Тишкины котята
"Фролов, Л. А.",Полежаевские мужички,рассказ,1985,100000,NA,1,NA,NA,Москва,м,Фонарик
"Фролов, Л. А.",Полежаевские мужички,рассказ,1985,100000,NA,1,NA,NA,Москва,м,Сережкина премия
"Фролов, Л. А.",Полежаевские мужички,рассказ,1985,100000,NA,1,NA,NA,Москва,м,Ключи
"Фролов, Л. А.",Полежаевские мужички,рассказ,1985,100000,NA,1,NA,NA,Москва,м,Амбарная музыка
"Фролов, Л. А.",Полежаевские мужички,рассказ,1985,100000,NA,1,NA,NA,Москва,м,Зяблевая вспашка
"Фролов, Л. А.",Полежаевские мужички,рассказ,1985,100000,NA,1,NA,NA,Москва,м,Голенастый петух
"Фролов, Л. А.",Полежаевские мужички,рассказ,1985,100000,NA,1,NA,NA,Москва,м,Полярная звезда
"Фролов, Л. А.",Полежаевские мужички,рассказ,1985,100000,NA,1,NA,NA,Москва,м,Шкура убитого медведя
"Цветнов, А. И.",Дальняя дорога,повесть,1985,50000,NA,1,1,NA,Горький,м,Дальняя дорога
"Цуприк, Н. В.",Женька на чудо-острове,повесть,1985,30000,1,1,NA,NA,Омск,ж,Женька на чудо-острове
"Чинарева, Т. Ф.","Прощайте, белые медведи!",рассказ,1985,100000,1,NA,NA,NA,Хабаровск,ж,"Прощайте, белые медведи!"
"Чинарева, Т. Ф.","Прощайте, белые медведи!",рассказ,1985,100000,1,NA,NA,NA,Хабаровск,ж,Первое сентября
"Чинарева, Т. Ф.","Прощайте, белые медведи!",рассказ,1985,100000,1,NA,NA,NA,Хабаровск,ж,Букет для Антонины Павловны
"Чинарева, Т. Ф.","Прощайте, белые медведи!",рассказ,1985,100000,1,NA,NA,NA,Хабаровск,ж,Задача
"Чинарева, Т. Ф.","Прощайте, белые медведи!",рассказ,1985,100000,1,NA,NA,NA,Хабаровск,ж,Тоска по другу детства
"Чинарева, Т. Ф.","Прощайте, белые медведи!",рассказ,1985,100000,1,NA,NA,NA,Хабаровск,ж,Единичник
"Чинарева, Т. Ф.","Прощайте, белые медведи!",рассказ,1985,100000,1,NA,NA,NA,Хабаровск,ж,Сабо
"Чинарева, Т. Ф.","Прощайте, белые медведи!",рассказ,1985,100000,1,NA,NA,NA,Хабаровск,ж,Квадратная собака
"Чинарева, Т. Ф.","Прощайте, белые медведи!",рассказ,1985,100000,1,NA,NA,NA,Хабаровск,ж,"Ах, какая радость!"
"Чинарева, Т. Ф.","Прощайте, белые медведи!",рассказ,1985,100000,1,NA,NA,NA,Хабаровск,ж,"Сорока, корова, ворона…"
"Чинарева, Т. Ф.","Прощайте, белые медведи!",рассказ,1985,100000,1,NA,NA,NA,Хабаровск,ж,Секрет
"Чинарева, Т. Ф.","Прощайте, белые медведи!",рассказ,1985,100000,1,NA,NA,NA,Хабаровск,ж,Неоновые рыбки
"Чинарева, Т. Ф.","Прощайте, белые медведи!",рассказ,1985,100000,1,NA,NA,NA,Хабаровск,ж,К нам придет герой!
"Чинарева, Т. Ф.","Прощайте, белые медведи!",рассказ,1985,100000,1,NA,NA,NA,Хабаровск,ж,Плохой командир
"Чинарева, Т. Ф.","Прощайте, белые медведи!",рассказ,1985,100000,1,NA,NA,NA,Хабаровск,ж,Мамина опора
"Чинарева, Т. Ф.","Прощайте, белые медведи!",рассказ,1985,100000,1,NA,NA,NA,Хабаровск,ж,Угощение для синиц
"Чинарева, Т. Ф.","Прощайте, белые медведи!",рассказ,1985,100000,1,NA,NA,NA,Хабаровск,ж,Елка
"Чинарева, Т. Ф.","Прощайте, белые медведи!",рассказ,1985,100000,1,NA,NA,NA,Хабаровск,ж,Тишина
"Чинарева, Т. Ф.","Прощайте, белые медведи!",рассказ,1985,100000,1,NA,NA,NA,Хабаровск,ж,Больше не будем
"Чинарева, Т. Ф.","Прощайте, белые медведи!",рассказ,1985,100000,1,NA,NA,NA,Хабаровск,ж,Карантин
"Чинарева, Т. Ф.","Прощайте, белые медведи!",рассказ,1985,100000,1,NA,NA,NA,Хабаровск,ж,Подарки
"Чинарева, Т. Ф.","Прощайте, белые медведи!",рассказ,1985,100000,1,NA,NA,NA,Хабаровск,ж,Урок вежливости
"Чинарева, Т. Ф.","Прощайте, белые медведи!",рассказ,1985,100000,1,NA,NA,NA,Хабаровск,ж,Ссора
"Чинарева, Т. Ф.","Прощайте, белые медведи!",рассказ,1985,100000,1,NA,NA,NA,Хабаровск,ж,Точки-запятые
"Чинарева, Т. Ф.","Прощайте, белые медведи!",рассказ,1985,100000,1,NA,NA,NA,Хабаровск,ж,Сила коллектива
"Чинарева, Т. Ф.","Прощайте, белые медведи!",рассказ,1985,100000,1,NA,NA,NA,Хабаровск,ж,Мамин праздник
"Чинарева, Т. Ф.","Прощайте, белые медведи!",рассказ,1985,100000,1,NA,NA,NA,Хабаровск,ж,Му
"Чинарева, Т. Ф.",Портфель чемпиона,повесть,1988,50000,NA,1,NA,NA,Хабаровск,ж,Гусиное перо
"Чинарева, Т. Ф.",Портфель чемпиона,повесть,1988,50000,NA,1,NA,NA,Хабаровск,ж,Портфель чемпиона
"Чинарева, Т. Ф.",Портфель чемпиона,рассказ,1988,50000,NA,1,NA,NA,Хабаровск,ж,Гоша Краюшкин и белый пароход
"Чинарева, Т. Ф.",Портфель чемпиона,рассказ,1988,50000,NA,1,NA,NA,Хабаровск,ж,Лопата
"Чинарева, Т. Ф.",Портфель чемпиона,рассказ,1988,50000,NA,1,NA,NA,Хабаровск,ж,"""Робингуды"""
"Чинарева, Т. Ф.",Портфель чемпиона,рассказ,1988,50000,NA,1,NA,NA,Хабаровск,ж,Молодые побеги бамбука
"Чинарева, Т. Ф.",Портфель чемпиона,рассказ,1988,50000,NA,1,NA,NA,Хабаровск,ж,Талькав и Тореадор
"Чинарева, Т. Ф.",Командир в полоску,повесть,1990,50000,NA,1,1,NA,Хабаровск,ж,Командир в полоску
"Чинарева, Т. Ф.",Командир в полоску,повесть,1990,50000,NA,1,1,NA,Хабаровск,ж,"Хелло, бабушка Маруся!"
"Чинарева, Т. Ф.",Командир в полоску,повесть,1990,50000,NA,1,1,NA,Хабаровск,ж,"Ешка, Ешка! Где ты?"
"Чуковский, К. И.",Серебряный герб,повесть,1985,100000,NA,1,NA,NA,Москва,м,Серебряный герб
"Шаповалов, В. М.",Весны детства,повесть,1985,30000,NA,1,1,NA,Воронеж,ж,Зачарованный бор
"Шаповалов, В. М.",Весны детства,повесть,1985,30000,NA,1,1,NA,Воронеж,ж,Буланка
"Шаповалов, В. М.",Весны детства,повесть,1985,30000,NA,1,1,NA,Воронеж,ж,Старый букварь
"Шаповалов, В. М.",Весны детства,рассказ,1985,30000,NA,1,1,NA,Воронеж,ж,Белый аист
"Шаповалов, В. М.",Весны детства,рассказ,1985,30000,NA,1,1,NA,Воронеж,ж,Бороздою верности
"Шаповалов, В. М.",Весны детства,рассказ,1985,30000,NA,1,1,NA,Воронеж,ж,Весны детства
"Шифрина, Ю. Я.",Я расскажу..,повесть,1985,NA,NA,NA,1,NA,Воронеж,ж,Я - хорошая девочка
"Шифрина, Ю. Я.",Я расскажу..,повесть,1985,NA,NA,NA,1,NA,Воронеж,ж,Я - взрослая
"Шифрина, Ю. Я.",Я расскажу..,рассказ,1985,NA,NA,NA,1,NA,Воронеж,ж,Домой
"Шифрина, Ю. Я.",Я расскажу..,рассказ,1985,NA,NA,NA,1,NA,Воронеж,ж,Бабушка Елена Павловна
"Шифрина, Ю. Я.",Я расскажу..,рассказ,1985,NA,NA,NA,1,NA,Воронеж,ж,Коля
"Шифрина, Ю. Я.",Я расскажу..,рассказ,1985,NA,NA,NA,1,NA,Воронеж,ж,"Спасибо тебе, девочка!"
"Шифрина, Ю. Я.",Я расскажу..,рассказ,1985,NA,NA,NA,1,NA,Воронеж,ж,Андрейка
"Шифрина, Ю. Я.",Я расскажу..,рассказ,1985,NA,NA,NA,1,NA,Воронеж,ж,Обыкновенная жизнь
"Шифрина, Ю. Я.",Я расскажу..,рассказ,1985,NA,NA,NA,1,NA,Воронеж,ж,Меня это не касается
"Шифрина, Ю. Я.","Ты любишь меня, мама?",NA,1988,NA,NA,NA,NA,NA,Воронеж,ж,"Ты любишь меня, мама?"
"Шестинский, О. Н.",Блокадные новеллы,новелла,1985,350000,NA,1,1,NA,Иркутск,м,Первый день войны
"Шестинский, О. Н.",Блокадные новеллы,новелла,1985,350000,NA,1,1,NA,Иркутск,м,Эвакуация
"Шестинский, О. Н.",Блокадные новеллы,новелла,1985,350000,NA,1,1,NA,Иркутск,м,Очереди
"Шестинский, О. Н.",Блокадные новеллы,новелла,1985,350000,NA,1,1,NA,Иркутск,м,Славка Ван-Сысоев
"Шестинский, О. Н.",Блокадные новеллы,новелла,1985,350000,NA,1,1,NA,Иркутск,м,Хлеб
"Шестинский, О. Н.",Блокадные новеллы,новелла,1985,350000,NA,1,1,NA,Иркутск,м,Наталья Ивановна… Наточка
"Шестинский, О. Н.",Блокадные новеллы,новелла,1985,350000,NA,1,1,NA,Иркутск,м,Красота
"Шестинский, О. Н.",Блокадные новеллы,новелла,1985,350000,NA,1,1,NA,Иркутск,м,Приключения коржика
"Шестинский, О. Н.",Блокадные новеллы,новелла,1985,350000,NA,1,1,NA,Иркутск,м,Смерть Исаака
"Шестинский, О. Н.",Блокадные новеллы,новелла,1985,350000,NA,1,1,NA,Иркутск,м,Колька и Котька
"Шестинский, О. Н.",Блокадные новеллы,новелла,1985,350000,NA,1,1,NA,Иркутск,м,Бабка Иголкина
"Шестинский, О. Н.",Блокадные новеллы,новелла,1985,350000,NA,1,1,NA,Иркутск,м,Паша Панаев
"Шестинский, О. Н.",Блокадные новеллы,новелла,1985,350000,NA,1,1,NA,Иркутск,м,Знакомство с актером
"Шестинский, О. Н.",Блокадные новеллы,новелла,1985,350000,NA,1,1,NA,Иркутск,м,Черемуха
"Шестинский, О. Н.",Блокадные новеллы,новелла,1985,350000,NA,1,1,NA,Иркутск,м,Бабушка и участковый Сидоркин
"Шестинский, О. Н.",Блокадные новеллы,новелла,1985,350000,NA,1,1,NA,Иркутск,м,Отец
"Шестинский, О. Н.",Блокадные новеллы,новелла,1985,350000,NA,1,1,NA,Иркутск,м,Два воспоминания о дяде Степе
"Шестинский, О. Н.",Блокадные новеллы,новелла,1985,350000,NA,1,1,NA,Иркутск,м,Учитель математики
"Шестинский, О. Н.",Блокадные новеллы,новелла,1985,350000,NA,1,1,NA,Иркутск,м,Макароны
"Шестинский, О. Н.",Блокадные новеллы,новелла,1985,350000,NA,1,1,NA,Иркутск,м,"""Сухарь"""
"Шестинский, О. Н.",Блокадные новеллы,новелла,1985,350000,NA,1,1,NA,Иркутск,м,Первой блокадной весной…
"Шестинский, О. Н.",Блокадные новеллы,новелла,1985,350000,NA,1,1,NA,Иркутск,м,…овец… овец…
"Шестинский, О. Н.",Блокадные новеллы,новелла,1985,350000,NA,1,1,NA,Иркутск,м,Бокал вина
"Шестинский, О. Н.",Блокадные новеллы,новелла,1985,350000,NA,1,1,NA,Иркутск,м,Базарный день
"Шестинский, О. Н.",Блокадные новеллы,новелла,1985,350000,NA,1,1,NA,Иркутск,м,Стук в дверь
"Шестинский, О. Н.",Блокадные новеллы,новелла,1985,350000,NA,1,1,NA,Иркутск,м,Димка
"Шестинский, О. Н.",Блокадные новеллы,новелла,1985,350000,NA,1,1,NA,Иркутск,м,Мопассан
"Шестинский, О. Н.",Блокадные новеллы,новелла,1985,350000,NA,1,1,NA,Иркутск,м,Вечное эхо войны
"Шестинский, О. Н.",Блокадные новеллы,новелла,1985,350000,NA,1,1,NA,Иркутск,м,Жизнь Коськи Морева
"Шестинский, О. Н.",Блокадные новеллы,новелла,1985,350000,NA,1,1,NA,Иркутск,м,Путь через всю жизнь
"Шестинский, О. Н.",Блокадные новеллы,новелла,1985,350000,NA,1,1,NA,Иркутск,м,Вера. Надежда. Любовь
"Шестинский, О. Н.",Блокадные новеллы,новелла,1985,350000,NA,1,1,NA,Иркутск,м,Немецкий язык
"Шолохов, М. А.",Нахаленок,рассказ,1985,300000,1,NA,NA,NA,Москва,м,Нахаленок
"Шолохов, М. А.",Нахаленок,рассказ,1985,150000,1,NA,NA,NA,Москва,м,Нахаленок
"Штейн, Б. С.",Солнце на перекладине,повесть,1990,20000,NA,NA,1,NA,Таллинн,м,Солнце на перекладине
"Якименко, В. Л.",Сочинение,повесть,1985,65000,NA,NA,1,NA,Москва,м,Сочинение
"Якименко, В. Л.",Сочинение,рассказ,1985,65000,NA,NA,1,NA,Москва,м,Доктор Федя и Черное море
"Якименко, В. Л.",Сочинение,рассказ,1985,65000,NA,NA,1,NA,Москва,м,Жизнь  и прочее
"Якименко, В. Л.",Сочинение,рассказ,1985,65000,NA,NA,1,NA,Москва,м,Старость - радость
"Якименко, В. Л.",Сочинение,рассказ,1985,65000,NA,NA,1,NA,Москва,м,Вечный Эдик
"Яковлев, П. Н.",Первый ученик,повесть,1985,100000,NA,1,1,NA,Ростов на Дону,м,Первый ученик
