author,title,genre,year,printrun,kid,junior,teen,exclude,location,sex
"Агишев, Р.","Сын тайги",Повесть,1961,15000,0,1,1,1,Сахалинск,м
"Азбукин, Б.","Севастопольские ночи",Повесть,1961,50000,0,1,1,0,Симферополь,м
"Аксенова, А.","Где вы, друзья?",Повесть,1963,65000,0,1,0,0,Москва,ж
"Акулинин, В.","О том, как Лось решил помочь Коню",Басни,1961,25000,0,1,1,0,Владимир,м
"Александрова, А. ; Туберовский М.","Серебряный дутар",Повесть,1961,25000,0,1,0,0,Ленинград,"ж; м"
"Александровский, В.","Если рядом друг",Рассказы,1963,100000,0,1,0,0,Сахалинск,м
"Александровский, В.","Когда нам семнадцать..",Повесть,1962,55000,0,1,0,0,Сахалинск,м
"Александровский, В.","Море - счастье моё",Повесть,1961,60000,0,1,0,0,Москва,м
"Александровский, В.","Море - счастье моё",Повесть,1961,50000,0,1,0,0,Хабаровск,м
"Алексин, А. ","Веселые повести",Повесть,1961,50000,1,1,0,0,Иваново,м
"Алексин, А. ","Необычайные похождения Севы Котлова",Повесть,1963,200000,0,1,0,0,Москва,м
"Аленник, Э.","Журавленко и мы",Повесть,1961,115000,1,1,0,0,Ленинград,ж
"Аленник, Э. ; Фанорская, К.","Малая зимовка",Повесть,1963,30000,1,1,0,0,Ленинград,"ж; ж"
"Алматинская, А.","Клятва Солнцу",Повесть,1961,15000,1,1,0,0,Ташкент,ж
"Алматинская, А.","Клятва Солнцу",Повесть,1961,15000,1,1,0,0,Ташкент,ж
"Альтов, Г.","Легенды о звездных капитанах",Рассказы,1961,115000,0,1,1,0,Москва,м
"Альтов, Г.","Легенды о звездных капитанах",Рассказы,1962,150000,0,1,1,0,Москва,м
"Анисимов, П.","Маринка и козел",Рассказы,1963,50000,1,1,0,0,Тюмень,м
"Аношкин, М.","Семкина Находка",Повесть,1962,100000,0,1,0,0,Челябинск,м
"Аношкин, М.","Семкина Находка",Повесть,1962,100000,0,1,0,0,Челябинск,м
"Антипов, Г.","Ортис - десятая планета","Фантастико-приключенческая повесть",1963,30000,0,1,0,0,Красноярск,м
"Ардаматский, В","Безумство храбрых",Повесть,1962,215000,0,0,1,0,Москва,м
"Ардаматский, В","Безумство храбрых",Повесть,1963,200000,0,0,1,0,Москва,м
"Ардаматский, В","Он сделал все, что мог. ""Я 11-17"". Ответная операция.",Повести,1961,100000,0,0,1,0,Москва,м
"Ардаматский, В","Он сделал все, что мог. ""Я 11-17"". Ответная операция.",Повести,1962,100000,0,0,1,0,Москва,м
"Аронов, А. ","Цирк приехал!",Повесть,1963,65000,0,1,0,0,Москва,м
"Артищев, М.","Димка из 10-го",Повесть,1962,30000,0,1,1,0,Оренбург,м
"Артыков, Б.",Каникулы,Повесть,1963,10000,0,1,0,0,Душанбе,м
"Артюхова, Н.",Светлава,Повесть,1961,100000,0,1,0,0,Москва,ж
"Асанов, Н. ","Украденная душа",Повесть,1961,215000,0,0,1,0,Москва,м
"Бабушкин, В.","Хромой волк",Рассказы,1963,50000,0,1,0,0,Саратов,м
"Бажов, П. ","Таюткино зеркальце ",Сказки,1962,100000,1,1,0,0,Свердловск,м
"Баздырев, А. ","Илька приехал в Крутояр",Повесть,1961,30000,0,1,0,0,Барнаул,м
"Байдерин, В.","Веселые слонята",Рассказы,1963,90000,1,1,0,0,Алма-ата,м
"Балашов, В.","Команда ""Бури""",Повесть,1963,30000,0,1,0,0,Куйбышев,м
"Баныкин, В.","Бедовый мальчишка",Повесть,1961,75000,0,1,0,1,Москва,м
"Баранова, М. ; Велтистов, Е. ","Ляпка, Борька и ракета",Повесть,1962,115000,0,1,0,0,Москва,ж;м
"Баруздин, С.","Новые дворики",Повесть,1961,115000,0,1,0,0,Москва,м
"Баруздин, С.","Новые дворики",Повесть,1963,10000,0,1,0,0,Душанбе,м
"Баруздин, С.","Новые дворики. Только не завтра. Верить и помнить",Повесть,1963,100000,0,1,0,1,Москва,м
"Баруздин, С.","Только не завтра",Повесть,1962,115000,0,1,0,0,Москва,м
"Батров, А. ","Барк ""Жемчужный""",Рассказы,1963,90000,0,1,0,0,Москва,м
"Батров, А. ","Мальчик и чайка",Рассказы,1961,115000,0,1,0,0,Москва,м
"Батров, А. ","Мальчик и чайка",Рассказы,1962,150000,0,1,0,0,Москва,м
"Батров, А. ","Матросская королева",Рассказы,1963,15000,0,1,1,0,Одесса,м
"Батров, А. ","Много солнца",Новеллы,1962,6500,0,1,0,0,Одесса,м
"Безано, А.; Зверев, М.","Медвежий цирк",Рассказы,1962,30000,1,1,0,0,Новосибирск,м
"Бейлина, Н.","Калитка, отворись!",Повесть,1962,65000,0,1,1,0,Москва,ж
"Белахова, М.","Две повести",Повесть,1962,115000,0,1,1,0,Москва,ж
"Белахова, М.",Дочь,Повесть,1961,100000,0,,1,0,Москва,ж
"Белоусов, А.","Камень нерушимый",Повесть,1962,50000,0,1,1,0,Пермь,м
"Белый, Л.","Девочка едет домой",Рассказы,1961,15000,0,1,0,0,Иркутск,м
"Белых, Г. ; Пантелеев, А.","Республика Шкид",Повесть,1961,115000,0,1,0,0,Ленинград,м
"Беляев, А.","Пешком по морю",Рассказы,1963,65000,0,1,0,0,Москва,м
"Беляев, В.","Старая крепость",Трилогия,1963,75000,0,1,1,0,Москва,м
"Бианки, В.",Рассказы,Рассказы,1963,300000,0,1,0,0,Ленинград,м
"Бляхин, П.","Красные дьяволята",Повесть,1962,100000,0,1,0,0,Липецк,м
"Боголюбов, К.","Человек без имени",Повесть,1962,15000,0,1,1,0,Свердловск,м
"Богушевич, Ю. ","Дерево дружбы",Повесть,1961,50000,0,1,1,0,Минск,м
"Болдырев, В.","Гибель синего орла",Повесть,1962,100000,0,1,1,0,Москва,м
"Болдырев, В.","Гибель синего орла",Повесть,1963,100000,0,1,1,0,Москва,м
"Бондаренко, И.","Горячее дыхание",Повесть,1961,15000,0,1,1,0,Ленинград,м
"Борисов, Л.","Свои по сердцу",Рассказы,1963,100000,0,1,0,0,Ленинград,м
"Борисов, Т.","Тайна маленькой речки",Повесть,1962,30000,0,1,1,0,Владивосток,м
"Бороздин, В",Конопуша,Рассказы,1963,115000,0,1,0,0,Москва,м
"Бражнин, И. ","Сто шагов в сказку",Рассказы,1963,30000,0,1,1,0,Ленинград,м
"Бременер, М.","Чур, не игра!",Рассказы,1962,65000,0,1,1,0,Москва,м
"Бременер, М.","Чур, не игра!",Рассказы,1963,75000,0,1,1,0,Москва,м
"Бруштейн, А. ",Весна,Повесть,1961,115000,0,1,1,0,Москва,м
"Бутылкин, И.","Счастливый случай",Рассказы,1963,200000,0,1,0,0,Москва,м
"Бытовой, С. ","Зимняя радуга",Повесть,1961,30000,0,0,1,0,Ленинград,м
"Важдаев, В.","Путешествие в страну Агнирен",Повесть,1963,65000,0,0,1,0,Москва,м
"Валевский, А. ","Одну минуточку!",Рассказы,1961,65000,0,1,0,0,Москва,м
"Василевский, А.","У мыса Трех Братьев",Рассказы,1961,15000,0,1,1,0,Хабаровск,м
"Васютина, Е. ","Кашимирский камень",Рассказы,1961,30000,0,1,1,0,Ленинград,м
"Вебер, Ю.","Профиль неведимки",Повесть,1961,85000,0,1,1,0,Москва,м
"Великанов, А. ","Четверо на мостике",Повесть,1963,30000,0,1,0,0,Горький,м
"Великанов, Ва. ","Работник и Мишка",Рассказы,1963,100000,0,1,0,1,Иваново,м
"Великанов, Вл. ","Строгий учитель",Рассказы,1963,100000,0,1,0,0,Москва,м
"Вересов, А. ",Земляки,Повесть,1962,30000,0,1,1,0,Ленинград,м
"Вершинин, А.","Плывущие против течения",Повесть,1961,30000,0,0,1,0,Горький,м
"Вигдорова, Ф. ; Печерникова, Т.","12 отважных",Повесть,1963,65000,0,1,0,0,Москва,ж;ж
"Вилькин, Я.","Необыкновенные приключения Геннадия Диогенова",Повесть,1963,15000,0,1,0,0,Минск,м
"Вишнев, П. ",Юнги,Повесть,1961,15000,0,1,0,0,Архангельск,м
"Вишнев, П. ",Юнги,Повесть,1961,150000,0,1,0,0,Москва,м
"Вишнев, П. ",Юнги,Повесть,1963,30000,0,1,0,0,Куйбышев,м
"Воеводин, Вс. ; Рысс, Евг.",Буря,Повесть,1963,100000,0,1,0,0,Мурманск,м
"Воинов, А.",Отважные,Роман,1961,115000,0,1,0,0,Москва,м
"Воинов, А.",Отважные,Роман,1962,150000,0,1,0,0,Москва,м
"Воинов, А.",Отважные,Роман,1963,15000,0,1,0,0,Белгород,м
"Воинов, А.","Я рядом, отец",Повесть,1963,65000,0,1,0,0,Москва,м
"Войскунский Е.; Лукодьянов И. ","Экипаж ""Меконга""",Рассказы,1962,115000,0,1,1,0,Москва,м
"Волков, А. ","Приключение двух друзей в стране пролшого",Повесть,1963,30000,0,1,0,0,Ташкент,м
"Волков, П.","Чей мальчишка?",Повесть,1961,30000,0,1,1,0,Минск,м
"Волчек, Я.","Карай. Сын Карая.",Повесть,1963,65000,0,1,1,0,Москва,м
"Воронин, С.","Звенят ручьи",Рассказы,1961,80000,0,1,1,0,Ленинград,м
"Воронкова, Л.","А если бабушка велела?",Отрывок,1963,150000,0,1,0,0,Москва,ж
"Воронкова, Л.","Девочка из города",Повесть,1961,100000,0,1,0,0,Липецк,ж
"Воронкова, Л.","Личное счастье",Повесть,1961,115000,0,1,1,0,Москва,ж
"Воронцова, Т. ","Димкина судьба",Повесть,1962,65000,0,1,0,0,Красноярск,ж
"Выгодская, Э.","Опасный беглец",Повесть,1963,100000,0,1,1,0,"Курск ",ж
"Высоцкий, В.",Друзья-приятели,Рассказы,1961,60000,0,1,0,0,Минск,м
"Вятский, А.",Лидка-чапаенок,Повесть,1961,50000,0,1,0,0,Куйбышев,м
"Гайдар, А.","Военная тайна. Судьба барабанщика",Повесть,1963,150000,1,1,0,0,Кострома,м
"Гайдар, А.","Дым в лесу",Рассказы,1962,300000,1,0,0,0,Москва,м
"Гайдар, А.","Дым в лесу",Рассказы,1963,400000,1,0,0,0,Москва,м
"Гайдар, А.","Дым в лесу",Рассказы,1963,150000,0,1,1,0,Свердловск,м
"Гайдар, А.",Повести,Повесть,1962,200000,0,1,0,0,Москва,м
"Гайдар, А.","Чук и Гек",Рассказы,1961,660000,1,0,0,0,Москва-Ленинград,м
"Гайдар, А.","Чук и Гек",Рассказы,1963,100000,1,0,0,0,Москва-Ленинград,м
"Гансовский, С.","Шаги в неизвстное","Фантастико-приключенческая повесть и рассказы",1963,115000,0,1,1,0,Москва,м
"Гарнич, Н. ",Тараска,Повесть,1961,260000,0,1,0,0,Москва,м
"Гаустов, И.",Цветок-невидимка,Повесть,1961,15000,0,1,0,0,Ставрополь,м
"Георгиевская, С.","Жемчужный остров",Рассказы,1961,167000,0,1,0,0,Москва,ж
"Георгиевская, С.","Серебряное слово",Повести,1963,50000,0,0,1,0,Москва,ж
"Герасимов, Е.","Игорь Петухов",Повесть,1961,30000,0,0,1,0,Москва,м
"Герасимов, Е.","Игорь Петухов",Повесть,1963,50000,0,0,1,0,Москва,м
"Герман, Ю.","Дай лапу, друг",Киносценарий,1963,315000,1,1,0,0,Ленинград,м
"Герчик, М.","Ветер рвет паутину",Повесть,1963,110000,0,1,1,0,Минск,м
"Глущенко, В.","Земля Мишки Демина",Повесть,1962,115000,0,1,0,0,Москва,м
"Глущенко, В.","Кукты Чапогир готовится в дорогу",Повесть,1963,65000,1,1,0,0,Москва,м
"Голицын, С.","Городок сорванцов",Повесть,1963,115000,0,1,0,0,Москва,м
"Голицын, С.","За березовыми книгами",Повесть,1963,65000,1,1,0,0,Москва,м
"Головин, Д.","Седьмая весна",Повесть,1962,15000,0,1,0,0,Орел,м
"Голодный, Ц.","Какое оно - счастье?",Повесть,1963,100000,0,1,0,0,Москва,м
"Голосовкер, Я.","Сказание о кентавре Хироне",Сказки,1961,80000,0,0,1,1,Москва,м
"Голубев, Ф.","Димкин перевоз",Рассказы,1962,25000,1,1,0,0,"Курск ",м
"Горбов, Е.","Братья Бесфамильные",Рассказы,1961,100000,0,1,1,0,Орел,м
"Горбовцев, М.",Андрейка-партизан,Повести,1963,30000,0,1,0,0,"Курск ",м
"Горбовцев, М.","Мишкино детство",Повести,1963,100000,0,1,0,0,"Курск ",м
"Горулев, Н.",Друзья-товарищи,Повесть,1962,100000,0,0,1,0,Минск,м
"Горький, М.","Горький - детям","Рассказы и письма, сборник",1962,100000,0,1,1,0,Москва,м
"Горький, М.",Пепе,Сказка,1962,3000,0,1,0,0,Фрунзе,м
"Горький, М.",Рассказы,Рассказы,1962,2000,0,1,0,0,Душанбе,м
"Горький, М.","Сказки об Италии",Повесть,1962,85000,0,1,1,0,Москва,м
"Горышин, Г.","Фиорд Одьба",Рассказы,1961,50000,0,1,1,0,Ленинград,м
"Граевский, А.","На север!",Повесть,1962,50000,0,1,0,0,Пермь,м
"Граевский, А.","Пора выходить на старт","Рассказы ",1962,30000,0,1,0,0,Пермь,м
"Гребнев, Г. ","Пропавшее сокровище. Мир иной",Повести,1961,215000,0,1,1,0,Москва,м
"Григорьев, Н.","Несносный Фаддей",Рассказы,1963,65000,0,1,1,0,Ленинград,м
"Громова, А.","Поединок с собой","Науч-фантастич. роман",1963,115000,0,0,1,0,Москва,м
"Губарев, В. ","Путешествие на утреннюю звезду ",Повесть-сказка,1961,50000,0,1,0,0,Москва,м
"Груевич, Г.","Пленники астероида","Науч-фантастич. повести и рассказы",1962,65000,0,1,1,0,Москва,м
"Гуро, И.","Ты уже взрослый",Рассказы,1962,115000,0,1,1,0,Москва,ж
"Гусев, А.","Выстрел в землянке",Повесть,1962,100000,0,1,0,0,Томск,м
"Гусев, А.","Снег прячет следы",Рассказ,1963,30000,0,1,0,0,Томск,м
"Гущин, Н.","По следу",Рассказы,1961,30000,1,1,0,0,Петрозаводск,м
"Давидова, Х.","Жила в Ташкенте девочка",Повесть,1963,15000,0,1,0,0,Ташкент,ж
"Давыдов, Ю.","Новое небо",Повесть,1961,62000,0,1,1,0,Москва,м
"Дывыдычев, Л.","Многотрудная, полная невзгод и опасностей жизнь Ивана Семенова, второклассника и второгодника","Юморестическая повесть",1962,100000,0,1,0,0,Пермь,м
"Дальний, Б.","На границе",Рассказы,1962,15000,0,1,1,0,Воронеж,м
"Данилевская, Н.","Судьба музыканта",Повесть,1963,100000,0,1,0,0,Москва,ж
"Дедюхин, Б.","Боцман объявляет аврал",Повесть,1962,50000,1,1,0,0,Ю.-Сахалинск,м
"Декушенко, Ф.","Андрейкин поворот",Рассказы,1963,15000,0,1,0,0,Калинин,м
"Дементьев, А. ","Зеленый шум",Рассказы,1963,30000,0,1,0,0,Челябинск,м
"Демченко, А.","Горный цветок",Рассказы,1963,50000,0,1,0,0,Барнаул,м
"Диков, Е.","Дети ветра",Повесть,1962,100000,1,1,0,0,Москва,м
"Дилактроская, Н.","Упрямая луковица",Повесть,1961,100000,0,1,1,0,Ленинград,ж
"Дмитриев, Ю.","Зеленый патруль",Рассказы,1962,50000,1,1,0,0,Москва,м
"Дмитриев, Ю.","Тимка - гроза домовых",Рассказы,1961,10000,1,1,0,0,Москва,м
"Добряков, В.","Король живет в интернате",Повесть,1961,85000,0,1,0,0,Киев,м
"Добряков, В.","Полевые цветы",Рассказы,1961,15000,0,1,0,0,Львов,м
"Добряков, В.","Самый сильный",Рассказы,1963,30000,0,1,0,0,Липецк,м
"Доильницин, П.К.",Мишка-звонарь,Рассказы,1962,115000,1,1,0,0,Петрозаводск,м
"Долинова, Е.",Девочки,Повесть,1961,15000,0,1,0,0,Свердловск,ж
"Долинова, Е.",Девочки,Повесть,1962,15000,0,1,0,0,Свердловск,ж
"Дош, А.","Верю в тебя",Повесть,1963,110000,0,1,0,0,Алма-ата,м
"Дроботов, В.","Галстук цвета зари",Повесть,1962,50000,1,1,0,0,Волгоград,м
"Дружинин, В.","Тропа Селим-хана. Кто сказал, что я убит? Два и две семерки",Повести,1963,30000,0,1,1,0,Ленинград,м
"Дубов, Н.","Небо с овчинку",Повести,1963,65000,0,1,1,0,Москва,м
"Дубов, Н.",Сирота,Повесть,1961,150000,0,1,0,0,Москва,м
"Дубов, Н.","Сирота. Жесткая проба",Повести,1963,150000,0,1,0,0,Москва,м
"Дугин, Н.",Вездеход,Рассказы,1961,15000,1,1,0,0,Иваново,м
"Дугинец, А","Золотая чаша Байтемира",Повесть,1962,60000,0,1,1,0,Москва,м
"Дугинец, А","Тень Кантипа",Повесть,1961,100000,0,1,0,0,Москва,м
"Дудкин, Дм.","Прометеев огонь",Повесть,1962,25000,0,0,1,0,Душанбе,м
"Дудочкин, П.","Необычное в обычном",Рассказы,1962,80000,1,1,0,0,Москва,м
"Дурова, Н.","Большой театр ""Малышка""",Рассказы,1962,115000,0,1,0,0,Москва,ж
"Дурова, Н.","Ваш номер!",Повесть,1962,100000,1,1,0,0,Москва,ж
"Дьяконов, Л.","Олень - золотые рога",Повесть,1963,50000,0,1,0,0,Киров,м
"Дягилев, В.",Жадина,Рассказы,1961,115000,1,1,0,0,Ленинград,м
"Елаховский, С.; Седов, А.","Дороги начинаются в юности",Повесть,1961,50000,0,1,1,0,Москва,м;м
"Емельянов, Б.",Мечта,Повесть,1961,100000,0,1,0,0,Москва,м
"Емельянова, Н.",Повести,Повести,1961,80000,0,1,1,0,Москва,ж
"Ермаков, И.","Голубая стрекоза",Сказа,1962,100000,0,1,1,0,Москва,м
"Ефетов, М.","Тревожная ночь","Повести и рассказы",1962,95000,0,1,0,0,Москва,м
"Жданов, Н.","Детство современника",Повести,1962,50000,1,1,0,0,Москва,м
"Железняков, В.","Да поможет человек",Рассказ,1963,150000,0,1,0,0,Москва,м
"Железняков, В.","Путешественник с багажом",Повести,1963,115000,0,1,1,0,Москва,м
"Железняков, В.","Хорошим людям - доброе",Рассказы,1961,215000,0,1,1,0,Москва,м
"Жемайтис, С.","Поющие камни","Повесть и рассказы",1962,115000,0,1,0,0,Москва,м
"Житков, Б.",Избранное,,1963,75000,0,0,1,0,Москва,м
"Журавлева, В.","Человек, создавший Атландиду","Фантастич. рассказы",1963,65000,0,1,1,0,Москва,ж
"Зиборов, Е.",Ленька-Трубач,Повесть,1962,200000,0,1,0,0,Орел,м
"Зубавин, Б.","За Рожской заставой.",Повесть,1961,100000,0,1,0,0,Москва,м
"Зубавин, Б.",Радость,Повесть,1962,65000,0,0,1,0,Москва,м
"Иванов, Б. ","Трое дружных",Рассказы,1962,15000,1,1,0,0,Пенза,м
"Иванов, В. ",Друзья-товарищи,Рассказы,1961,30000,0,1,1,0,Томск,м
"Иванов, В. ","Тайна СКП",Повесть,1962,30000,0,1,1,0,Томск,м
"Иванов, В. ","В таежных дебрях",Рассказы,1962,50000,0,1,0,0,Москва,м
"Иванов, Вс.","Золотой бурукдук","Фантастич. повесть",1963,30000,1,1,0,0,Хабаровск,м
"Иванов, Н.","Особое задание",Рассказы,1963,15000,0,1,0,0,Иваново,м
"Иванова, А.",Демка,Рассказы,1961,50000,1,1,0,0,Чита,ж
"Ивантер, Б.",Выстрел,"Повести и рассказы",1961,140000,0,1,0,0,Москва,м
"Иванченко, А.","Волшебная шкатулка","Рассказы и повесть",1961,15000,0,1,0,0,Ташкент,м
"Икрамов, К.",Махмуд-канатоходец,Повесть,1961,65000,0,1,0,0,Москва,м
"Иосифов, К.","Охотники за джихами",Повесть,1962,30000,0,1,1,0,Москва,м
"Каверин, В.","Три сказки и еще одна",Сказки,1963,100000,0,1,0,0,Москва,м
"Казакова, М.","Данилкин клад",Повесть,1963,30000,0,1,0,0,Тула,ж
"Казанцев, А.","Внуки Марса","Науч.-фантастич. повесть",1963,115000,0,1,1,0,Москва,м
"Калинцева, О.","Возможно, их зовут иначе",Повесть,1963,115000,0,1,1,0,Москва,ж
"Калинцева, О.","Стеклянный букет","Рассказы и повесть",1962,115000,0,1,0,0,Москва,ж
"Каманин, Ф.","Двое знаменитых",Повесть,1961,300000,0,1,0,0,Москва,м
"Каманин, Ф.","Мой товарищ",Повесть,1963,100000,0,1,0,0,Москва,м
"Каменович, З.","Смелый мальчик. Адрес друга.",Рассказы,1961,40000,0,1,0,0,Москва,м
"Карелин, Л.","Девочка с красками",Повесть,1963,65000,0,1,1,0,Москва,м
"Карякин, П.","Последний патрон",Рассказы,1962,115000,0,1,0,0,Омск,м
"Кассиль, Л.","Дорогие мои мальчишки",Повесть,1961,246000,0,1,1,0,Москва,м
"Кассиль, Л.","Ранний восход",Повесть,1963,50000,0,1,1,0,Москва,м
"Кассиль, Л.","Чаша гладиатора",Роман,1961,85000,0,0,1,0,Москва,м
"Кассиль, Л.","Чаша гладиатора",Роман,1963,100000,0,1,1,0,Москва,м
"Кассиль, Л.; Поляновский, М.","Улица младшего сына",Повесть,1962,100000,0,1,1,0,Петрозаводск,м
"Катаев, В.","Волны Черного моря",Романы,1961,75000,0,1,1,0,Москва,м
"Квин, Л. ","В те дни",Повесть,1961,30000,0,1,0,0,Новосибирск,м
"Квин, Л. ","Привет, Иошка!",Рассказы,1962,30000,0,1,0,0,Новосибирск,м
"Квин, Л. ","Что принесет утро?",Повесть,1962,65000,0,0,1,0,Москва,м
"Кильдюшев, А.","Звезды над морем",Повесть,1962,15000,0,1,1,0,Барнаул,м
"Кирносов, А.","Человек отправляется в путь",Повесть,1962,30000,1,1,0,0,Ленинград,м
"Киршнер, Л.","Шифрованная записка",Повесть,1962,30000,0,1,0,0,Ленинград,м
"Киселев, В.","Воробей в галошах",Рассказы,1963,15000,0,1,0,0,Иркутск,м
"Киселев, Н.","Ночной визит",Повесть,1963,115000,0,0,1,0,Москва,м
"Киселева, А.","Дневник Люды Кубанцевой",Повесть,1963,15000,0,1,1,0,Воронеж,ж
"Клещенко, А. ","Без выстрела",Повесть,1963,65000,0,1,1,0,Ленинград,м
"Клименко, С.",Скворушка,Рассказы,1963,65000,0,1,0,0,Симферополь,м
"Климов, В.","Скачут кони","Повести и рассказы",1963,15000,0,1,0,0,Воронеж,м
"Кобельков, О.","От весны до весны",Рассказы,1962,10000,1,1,0,0,Киров,м
"Коваленко, Р.","Валька Саблин из пятого ""А""",Повесть,1963,50000,1,1,0,0,Краснодар,ж
"Кожемякин, Г.",Макарка-волгарь,Повесть,1962,25000,0,1,0,0,Ульяновск,м
"Козачок, С.","Жил-был пастушонок",Повесть,1963,50000,0,1,0,0,Чита,м
"Козлов, В.","На старой мельнице",Повесть,1961,115000,0,1,1,0,Ленинград,м
"Козлов, В.","Юрка Гусь",Повесть,1962,50000,0,1,1,0,Ленинград,м
"Коковин, Е.","Дети моря. Вожак санитарной упряжки",Повести,1962,50000,1,1,0,0,Архангельск,м
"Коковин, Е.",Динь-Даг,Повесть-сказка,1961,30000,1,1,0,0,Архангельск,м
"Коковин, Е.",Динь-Даг,Повесть-сказка,1962,100000,1,1,0,0,Москва,м
"Колдунов, С.","Душа огня",Рассказ,1963,65000,0,1,0,0,Москва,м
"Колосов, М.","Бахмутский шлях. Мальчишка",Повести,1963,100000,0,1,1,0,"Курск ",м
"Конецкий, В.","Если позовет товарищ",Рассказы,1961,95000,0,1,1,0,Ленинград,м
"Кононов, А.","Повесть о верном сердце.",Повесть,1962,96000,1,1,0,0,Москва,м
"Контрович, Л.","Колька и Наташа",Повесть,1963,30000,0,1,0,0,Челябинск,м
"Коркищенко, А.","За желтым ериком",Рассказы,1962,15000,1,1,0,0,Ростов-на-Дону,м
"Корнеев, А.","Как Санька на Луну летал",Рассказы,1963,30000,0,1,0,0,Орел,м
"Корнилов, В.","Лесной хозяин",Повесть,1962,97000,0,1,0,0,Москва,м
"Коростелев, П.",Компас,Рассказы,1962,65000,0,1,0,0,Москва,м
"Коростелев, П.","Тайга и Ленька",Рассказы,1961,65000,0,1,0,0,Владимир,м
"Корпачев, Э.","Паруса, наполненные ветром",Повести,1963,20000,0,1,0,0,Минск,м
"Коршунов, М.","В зимнем городе","Рассказы и повести",1961,100000,0,1,0,0,Москва,м
"Коршунов, М.","Когда замерзли дожди",Рассказы,1962,65000,0,1,0,0,Москва,м
"Коршунов, М.","Рисунок с натуры",Рассказы,1963,85000,1,1,0,0,Москва,м
"Корытовская, А.","На земле твой след.",Повесть,1963,30000,0,1,1,0,Красноярск,ж
"Коряков, О. ","Лицом к огню",Повесть,1962,100000,0,0,1,0,Москва,м
"Коряков, О. ","Приключения Леньки и его друзей",Повесть,1963,50000,0,1,0,0,Свердловск,м
"Коряков, О. ","Хмурый Вамгур",Повесть,1961,95000,0,1,0,0,Москва,м
"Костыря, И.","Сказка о солнечных братьях","Науч.-фантастич. повесть",1961,65000,1,1,0,0,Донецк,м
"Красовский, Л.","Лохматый подарок",Рассказы,1963,65000,1,1,0,0,Москва,м
"Крепс, В. ; Минц, К.","Свистать всех наверх",Повесть,1963,115000,1,1,0,0,Москва,м
"Криштоф, Е.","Кто будет капитаном?",Повесть,1961,20000,0,1,0,0,Симферополь,ж
"Криштоф, Е.","Утро каждого дня",Повесть,1963,65000,0,1,1,0,Симферополь,ж
"Кудрявцев, В.","Лесные были",Рассказы,1962,5000,0,1,1,0,Йошкар-Ола,м
"Кудряшова, С.","Друзья с тобой",Повесть,1961,150000,0,1,0,0,Москва,ж
"Кудряшова, С.","Друзья с тобой",Повесть,1963,30000,0,1,0,0,Краснодар,ж
"Кузнецова, А.","Много на земле дорог",Повесть,1962,15000,0,0,1,0,Москва,ж
"Кузницын, Е.","Несколько мальчишеских историй",Рассказы,1962,15000,0,1,1,0,Киров,м
"Кузьмин, В.","Без отца",Повесть,1962,100000,0,1,1,0,Москва,м
"Куйдин, А.","Пленники леса",Повесть,1962,30000,0,1,1,0,Москва,м
"Куклин, В.",Огоньки,Рассказы,1963,50000,0,1,0,0,Барнаул,м
"Куклин, В.",Одноклассники,Рассказы,1961,50000,0,1,0,0,Барнаул,м
"Кулешов, А.","""Мартини"" может погаснуть",Повесть,1963,65000,0,0,1,0,Москва,м
"Кулик, А.","Белый голубь",Рассказы,1963,150000,1,1,0,0,Москва,м
"Куликов, А.","Три дня из Андрейкиной жизни","Повесть и рассказы",1963,30000,1,1,0,0,Новосибирск,м
"Куликов, Г.","Переходящий кубок",Рассказы,1962,200000,0,1,0,0,Москва,м
"Кулябин, В.","Сокровища Кобры",Повесть,1961,5000,0,1,0,0,Киров,м
"Курлат, И.","Старый Бульбуль и его друзья",Повесть-сказка,1961,60000,0,1,0,0,Благовещенск,м
"Кутуй, Р.",Мальчишки,"Рассказы и повесть",1961,15000,0,0,1,0,Казань,м
"Куштум, Н.",Подвиг,Повесть,1962,50000,1,1,0,0,Свердловск,м
"Лаврик, А.","Тульские умельцы",Рассказы,1963,115000,1,1,0,0,Москва,м
"Лавринайтис, В.","Охотничьи встречи",Рассказы,1963,50000,0,1,1,0,Чита,м
"Лагин, Л.","Старик Хоттабыч",Повесть-сказка,1961,225000,1,1,0,0,Кишинев,м
"Лагин, Л.","Старик Хоттабыч",Повесть-сказка,1962,100000,1,1,0,0,Челябинск,м
"Лагин, Л.","Старик Хоттабыч",Повесть-сказка,1963,100000,1,1,0,0,Москва,м
"Ламберов, А.","Трое идут вперед",Рассказы,1961,15000,0,1,0,0,Казань,м
"Ландау, С.",Подснежники,Повесть,1962,30000,0,1,1,0,Симферополь,м
"Ларри, Я.","Запикски школьницы",Повесть,1961,65000,1,1,0,0,Ленинград,м
"Латьева, Л.",Ирка,Повесть,1963,15000,0,1,1,0,Кишинев,ж
"Либединский, Ю.","Воспитание души",Воспоминания,1962,115000,0,0,1,1,Москва,м
"Ликстанов, И.","Зелен камень",Роман,1961,100000,0,0,1,0,Москва,м
"Линевский, А.","Листы каменной книги",Повесть,1963,50000,0,1,1,0,Москва,м
"Липкин, С.","О богатырях, умельцах и волшебниках",Повести,1963,50000,0,1,0,0,Москва,м
"Липкин, С.","Царевна из Города Тьмы",Повесть,1961,59000,0,1,0,0,Москва,м
"Лиханов, А.","Не за тридевять земель, или повесть о том, как двое мальчикшек открыли в своем городе удивительную улицу",Повесть,1961,5000,1,1,0,0,Киров,м
"Лихоталь, Т.","Я с тобой, капитан",Повесть,1962,115000,1,1,0,0,Москва,ж
"Лойко, Н.",Женька-Наоборот,Повесть,1962,115000,0,1,0,0,Москва,ж
"Лоскутов, М.",Жажда,Рассказы,1961,100000,0,0,1,0,Москва,м
"Луцкий, Л.","В бухте Далекой",Повесть,1961,15000,0,1,0,0,Мурманск,м
"Лысков, П.","Зеленый остров",Повесть,1963,15000,0,1,0,0,Архангельск,м
"Лишенко, М.",Человек-луч,"Фантастич. роман",1961,165000,0,1,1,0,Москва,м
"Лишенко, М.",Человек-луч,"Фантастич. роман",1962,165000,0,1,1,0,Москва,м
"Лишенко, М.",Человек-луч,"Фантастич. роман",1961,100000,0,1,1,0,Ташкент,м
"Мавроди, И. В.","От села до баштана",Рассказ,1962,50000,0,1,0,0,Одесса,м
"Магалиф, Ю.","Путешествие не окончится",Повесть,1962,30000,0,1,1,0,Новосибирск,м
"Майский, И.",Близко-далеко,Повесть,1961,100000,0,0,1,0,Москва,м
"Маковецкий, В.","Петушиное слово",Рассказы,1961,30000,0,1,0,0,Симферополь,м
"Маковецкий, В.",Школьники,Рассказы,1961,30000,0,1,1,0,Москва,м
"Максимов, А.","Путешествие в детство","Маленькие повести",1963,30000,1,1,0,0,Хабаровск,м
"Малевинский, Ю.","Про Сменая",Рассказы,1961,15000,0,1,0,0,Казань,м
"Мальцев, С.","Тайна голубой пещеры","Повести и рассказы",1961,30000,0,1,1,0,Тюмень,м
"Малышев, А.","Повесть о заповедной земле",Повесть,1962,30000,0,0,1,0,Ставрополь,м
"Малюгин, П. К.","Гришина радость",Рассказы,1963,15000,1,1,0,0,Киров,м
"Маляревский, П.","Тридцатое число",Повесть,1962,100000,0,1,0,0,Москва,м
"Маляревский, П.","Тринадцатое число",Повесть,1962,100000,0,1,0,0,Москва,м
"Мамлин, Г.","А с Алешкой мы друзья",Повесть,1961,115000,0,1,0,0,Москва,м
"Маркуша, А.","Вам - взлет",Рассказ,1962,117000,0,1,0,0,Москва,м
"Маркуша, А.","Дороге нет конца",Рассказ,1963,65000,0,1,0,0,Москва,м
"Маркуша, А.","Мои машины",Рассказ,1961,100000,1,1,0,0,Москва,м
"Маркуша, А.","Плюс мечта, или Повесть о том, как мы не стали путешественниками",Повесть,1963,65000,0,0,1,0,Москва,м
"Мартынов, Г.",Каллисто,"Науч.-фантастич. роман",1962,100000,0,1,1,0,Ленинград,м
"Маршак С.","В начале жизни",Воспоминания,1962,100000,0,0,1,1,Москва,м
"Маршак С.","В начале жизни",Воспоминания,1963,100000,0,0,1,1,Москва,м
"Матвеев, Г.","Новый директор",Повесть,1961,115000,0,1,1,0,Ленинград,м
"Матвеев, Г.",Семнадцатилетие,Повесть,1962,75000,0,1,0,0,Ставрополь,м
"Медведев, Е.","Если есть у тебя мечта",Повесть,1962,30000,0,1,0,0,Барнаул,м
"Мелибеев, П.","Садовая, 16",Повесть,1962,65000,0,1,1,0,Москва,м
"Минчковский, А.","Десять дней одни втроем",Рассказ,1961,65000,0,1,0,0,Ленинград,м
"Минчковский, А.","13 разных историй",Рассказы,1963,115000,1,1,0,0,Ленинград,м
"Михалков, С.","Веселыые зайцы",Сказки,1961,100000,1,1,0,0,Москва,м
"Михасенко, Г.","В союзе с Аристотелем",Повесть,1963,30000,0,1,1,0,Новосибирск,м
"Михасенко, Г.","Кандаурские мальчишки",Повесть,1961,115000,0,1,1,0,Москва,м
"Михасенко, Г.","Кандаурские мальчишки",Повесть,1962,100000,0,1,1,0,Москва,м
"Михасенко, Г.","Кандаурские мальчишки",Повесть,1963,100000,0,1,1,0,Москва,м
"Монастырский, Л.","Золотые россыпи",Повесть,1962,15000,0,1,1,0,Махачкала,м
"Морозов, Н.",Юта,Повесть,1963,115000,0,1,0,0,Москва,м
"Морозова, М.","В горах Забайкалья",Повесть,1963,65000,0,1,0,0,Москва,ж
"Московкин, В.","Как жизнь, Семен?",Повесть,1961,115000,0,0,1,0,Москва,м
"Московкин, В.","Человек хотел добра",Рассказы,1961,50000,0,1,0,0,Ярославль,м
"Мошковский, А.","Не опоздай к приливу",Повесть,1963,65000,0,1,1,0,Москва,м
"Мошковский, А.","Отцы уходя в океан",Рассказы,1961,62000,0,1,0,0,Москва,м
"Мусатов, А.",Богатырь,Рассказ,1963,100000,0,1,0,0,Москва,м
"Мусатов, А.","Зеленый шум",Повесть,1963,50000,0,1,0,0,Москва,м
"Мусатов, А.","Земля молодая",Повесть,1963,75000,0,1,0,0,Москва,м
"Мусатов, А.","История трех колосков",Повесть,1963,100000,1,1,0,0,Москва,м
"Нагишкин, Д.","Город Золотого Петушка",Повесть,1962,50000,0,0,1,0,Москва,м
"Нагишкин, Д.","Тихая бухта",Повесть,1962,200000,0,1,0,0,Москва,м
"Назаренко, М.","Неоконченное путешествие",Повесть,1962,65000,0,1,0,0,Москва,м
"Наседкин, Д.","Торопою предков",Повесть,1963,15000,0,1,0,0,Минск,м
"Недоля, И.","Пернатые друзья",Рассказы,1963,25000,1,1,0,0,Краснодар,м
"Некрасова, Л.","Поиски храбрых",Повесть,1961,65000,0,1,0,0,Москва,ж
"Немцов, Вл.",Альтаир,Роман,1963,75000,0,1,1,0,Москва,м
"Нестеров, В.","На досуге",Книжка-игра,1962,100000,0,1,0,1,Москва,м
"Никитенко, К.","Каким быть?",Рассказы,1963,150000,0,1,0,0,Свердловск,ж
"Никитенко, К.","Наследство Феди Грая",Рассказы,1962,15000,0,1,0,0,Свердловск,ж
"Никитенко, К.","Толбага - долина дружбы",Рассказы,1962,30000,0,1,1,0,Чита,ж
"Никитин, И.",Бесстршаный,Повесть,1962,15000,0,1,1,0,Улан-Удэ,м
"Никонов, Н.",Мальчишки,Повесть,1962,50000,0,1,0,0,Свердловск,м
"Никулин, М.","На холмах Самбека",Повесть,1962,100000,0,1,0,0,Москва,м
"Новиков, Е.П. ","Егорка и его друзья ",Повесть,1962,5000,0,1,0,0,Якутск,м
"Обухов, Л.","Багряный паруст ""Крита""",Повесть,1963,30000,0,1,1,0,Ростов-на-Дону,м
"Овечкин, А.","Подвиг сигналиста",Рассказы,1961,30000,0,1,0,0,Красноярск,м
"Оленина, С.; Оленина, Р.","Солнечная дача",Рассказы,1963,15000,1,1,0,0,Ростов-на-Дону,ж
"Орджоникидзе, В.","Домик у края пустыни",Рассказы,1961,115000,0,1,0,0,Москва,м
"Орлов, В.","Легенда о Турьем отроге",Повесть,1962,30000,1,1,0,0,Благовещенск,м
"Осипов, А.","Веселая поляна",Рассказы,1963,30000,0,1,0,0,Рязань,м
"Осипов, А.","Как Володя стал охотником",Рассказы,1961,15000,0,1,0,0,Рязань,м
"Офин, Э.","Рядовой ""Лесной Республики""",Повесть,1961,85000,1,1,0,0,Ленинград,м
"Офин, Э.","Форпост Зоркий",Повесть,1962,65000,0,1,0,0,Ленинград,м
"Павленко, П.","Степное солнце",Повесть,1963,50000,1,1,0,0,Краснодар,м
"Павличенко, Е.","Дорожная песня",Рассказы,1961,15000,0,1,1,0,Новосибирск,
"Павловский, М.","Толя приехал на Сахалин",Рассказы,1962,30000,0,1,0,0,Ю-Сахалинск,м
"Пальман, В.","Красное и зеленое","Фантастич. роман",1963,65000,0,1,1,0,Москва,м
"Пальман, В.","Кратер Эршота","Фантастич. роман",1963,75000,0,1,1,0,Краснодар,м
"Паиков, В.","Как я рыдку ловил",Рассказы,1962,15000,1,1,0,0,Калинин,м
"Панов, А.","Девчонки и мальчикши ",Рассказы,1963,30000,0,1,0,0,Ташкент,м
"Панов, Н","Боцман с ""Тумана""",Повесть,1961,75000,0,0,1,0,Кемерово,м
"Пантелеев, И.",Тапочки,Рассказы,1963,30000,0,1,0,0,Иркутск,м
"Пантелеев, И.","Эспедиция на Княшку",Повесть,1961,30000,1,1,0,0,Абакан,м
"Панькин, И.","Внук зеленой молнии","Матросские сказки и легенды",1963,115000,0,1,0,1,Москва,м
"Панькин, И.","Начало новой жизни",Повесть,1963,75000,0,1,0,0,Тула,м
"Парфенов, Л.","Неделя приключений","Романтич. история",1962,115000,0,1,1,1,Москва,м
"Пархомов, М.","Выше голову, сынок",Рассказы,1961,75000,0,0,1,0,Москва,м
"Пархомов, М.","Хороший парень",Рассказы,1961,100000,0,0,1,0,Москва,м
"Пасман, Б.","Мой цех",Рассказы,1963,15000,0,1,0,0,Новосибирск,м
"Пасько, С.","Дальние дороги","Повести и рассказы",1963,100000,0,1,0,0,Кишинев,м
"Пасько, С.","Иринкина уха",Очерки,1963,15000,1,1,0,0,Кишинев,м
"Пасько, С.","Обыкновенное дело",Рассказы,1961,100000,0,1,1,0,Кишинев,м
"Пасько, С.","Озорной олень",Рассказы,1962,15000,0,1,0,0,Кишинев,м
"Паустовский, К.",Рассказы,,1962,100000,0,1,1,0,Москва,м
"Паушкин, Г.","Птицы улетели",Повесть,1962,30000,0,1,1,0,Казань,м
"Пермяк, Е.","Старая ведьма",Роман,1961,115000,0,0,1,0,Москва,м
"Перфильева, А.","Во что бы то ни стало",Повесть,1961,115000,0,0,1,0,Москва,ж
"Петров, В.","Горкинские мальчишки",Повесть,1961,65000,0,1,0,0,Москва,м
"Петров, В.","Отряд непримиримых",Повесть,1961,15000,0,1,0,0,Харьков,м
"Петрушенко, А.","Наша взяла",Рассказы,1962,9000,1,1,0,0,Черкесск,м
"Печерский, Н.","Ленивые хитрецы","Повести и рассказы",1963,100000,0,1,0,0,Кишинев,м
"Печерский, Н.","Мешок с деньгами",Рассказы,1961,50000,1,1,0,0,Кишинев,м
"Погодин, Р.",Ожидание,Повесть,1963,115000,0,0,1,0,Ленинград,м
"Полетаев, С.","Бегство Куантая",Рассказы,1962,65000,0,1,1,0,Москва,м
"Полуянов, И.","Дочь солдата",Повесть,1962,5000,0,1,0,0,Архангельск,м
"Полуянов, И.","Лесной теремок",Рассказы,1961,30000,1,1,0,0,Архангельск,м
"Полянский, Н.","Если хочешь быть волшебником",Повесть,1961,50000,0,1,0,0,Минск,м
"Потанин, В.","Журавли прилетели","Сборник рассказов",1963,15000,0,1,0,0,Курган,м
"Прилежаева, М.","Под северным небом",Роман,1961,97000,0,0,1,0,Москва,ж
"Пришвин, М.","Золотой луг",Рассказы,1963,75000,1,1,0,0,Москва,м
"Прозоровский, Л.","Копье Черного Принца","Приключенческая повесть",1962,45000,0,1,1,0,Рига,м
"Прокша, Л.","Мальчик в больших сапогах",Повесть,1963,20000,0,1,0,0,Минск,м
"Протасов, Н.","Море шумит и шумит",Повесть,1962,15000,1,1,0,0,Краснодар,м
"Раджабов, А.","Однажды летом",Рассказы,1963,5000,0,1,0,0,Махачкала,м
"Раевский, Б.","Чемпион уступает бровку",Рассказы,1963,50000,0,1,1,0,Ленинград,м
"Раевский, Б.; Софьин, А.",Следопыты,Повесть,1961,30000,1,1,0,0,Ленинград,м
"Раковская, Н.","Школьная парта",Повесть,1962,100000,0,1,0,0,Москва,м
"Реут, Н.; Скрябин, М.","Цветной голландец",Повести,1962,30000,0,1,1,0,Ленинград,м
"Рехлов, В.","Горные рекруты",Повесть,1962,15000,0,1,0,0,Кемерово,м
"Роганов, Л.","За желтыми холмами",Рассказы,1961,10000,0,1,0,0,Душанбе,м
"Розанов, С.","Первый планшет",Повесть,1961,75000,0,0,1,0,Москва,м
"Рыженко, И.",Разведчики,Повесть,1961,15000,0,1,0,0,Орджоникидзе,м
"Рязанова, Е.",Ватага,Повесть,1961,60000,0,0,1,0,Москва,ж
"Савин, В.","Закалка мужества",Рассказы,1962,15000,0,1,1,0,Свердловск,м
"Савин, В.","Хитрый заяц",Рассказы,1963,150000,1,1,0,0,Свердловск,м
"Сальников, Ю.","Шестиклассники. Дом на улице Мира.",Повести,1962,50000,0,1,0,0,Новосибирск,м
"Самсонов, С.","По ту сторону",Повесть,1962,100000,0,1,1,0,Свердловск,м
"Сапронова, Н.","Когда деды были внуками",Повесть,1963,65000,0,1,0,0,Москва,ж
"Сафронов, В.","Маринкин курган",Рассказы,1963,25000,0,1,0,0,Рязань,м
"Свирский, А. И.",Рыжик,Повесть,1962,100000,0,1,0,0,Тула,м
"Селянкин, О.","Есть так держать",Повесть,1961,100000,0,1,0,0,Москва,м
"Семин, Л.","Поиски золотых пчел",Повесть,1961,100000,0,1,0,0,Ленинград,м
"Сидельников, О.","С небес - на Землю",Повесть,1961,30000,0,0,1,0,Ташкент,м
"Сидоренко, В.","Зимовье на Кацисе",Повесть,1963,15000,1,1,0,0,Тюмень,м
"Симонова, О.","Володькин друг",Рассказы,1963,15000,0,1,0,0,Минск,ж
"Симонова, О.",Кухаренок,повесть,1961,60000,0,1,0,0,Минск,ж
"Симонова, О.","Мы будем жить",Повесть,1962,60000,0,1,1,0,Минск,ж
"Сказбуш, Н.","Петька Рубан. Жизнь, приключения и подвиг одного мальчишки",Повесть,1962,100000,1,1,0,0,Харьков,м
"Славин, Н.","Мяч, капитан и команда",Рассказы,1961,15000,0,1,0,0,Симферополь,м
"Соколовский, А.","Первый особого назначения",Повесть,1962,65000,0,1,0,0,Москва,м
"Сотник, Ю.","Приключение не удалось",Повесть,1961,115000,0,1,0,0,Москва,м
"Старцев, В.","Звезды в горах",Повесть,1963,30000,0,1,0,0,Москва,м
"Стекольников, Л.","Записки Толи Сундукова","Маленькая повесть",1963,65000,0,1,0,0,Ленинград,м
"Степаненко, В.","Долгая Старица",Повесть,1963,65000,0,1,0,0,Москва,м
"Степная, А.","Кто ищет, тот  найдет",Повесть,1961,115000,0,1,0,0,Москва,ж
"Субботин, В.","Глухой ночью",Рассказы,1963,30000,0,1,0,0,Симферополь,м
"Суханов, Н.","У пограничных троп",Рассказы,1962,75000,0,1,0,0,Чита,м
"Тартаковский, Б.","Мальчишка ищет друга",Повесть,1963,115000,1,1,0,0,Киев,м
"Тартаковский, Б.","Петр Ясько и его отряд",Повесть,1961,100000,0,1,0,0,Москва,м
"Тельпугов, В.","Ночные огни",Рассказы,1963,100000,0,1,1,0,Москва,м
"Тендряков, В.","Медный крестик","Отрывок из повести",1963,100000,0,1,0,0,Москва,м
"Тимошкин, Евг.",Ветрогон,Рассказы,1961,115000,0,1,0,0,Ленинград,м
"Тиханов, Н.",Жар-птица,Повесть,1963,30000,0,1,0,0,Куйбышев,м
"Тихова, Т.","Пояс Енисея",Повесть,1962,30000,0,1,1,0,Ленинград,м
"Ткаченко, В.","Братья знакомятся",Рассказы,1962,65000,0,1,0,0,Калинин,м
"Томин, Ю.","Борька, я и невидимка",Повесть,1962,100000,0,1,0,0,Ленинград,м
"Торбан, Р.","Заколдованная палата",Повесть,1962,45000,0,1,1,0,Липецк,ж
"Третьяков, Ю.","Начало рыбачьего патруля",Рассказы,1962,65000,0,1,0,0,Москва,м
"Третьяков, Ю.","Ошибка Радика и Женьки",Рассказы,1963,150000,1,1,0,0,Москва,м
"Туманова, З.","Травы голубые",Повесть,1961,15000,0,1,1,0,Ташкент,ж
"Туренская, В.","Крутая радуга",Повесть,1961,65000,0,0,1,0,Москва,ж
"Тушкан, Г.","Друзья и враги Анатолия Русакова",Повесть,1963,65000,0,1,1,0,Москва,м
"Тэсс, Т.","Невидимый свидетель",Рассказы,1963,65000,0,1,0,0,Москва,ж
"Тюриков, В.",Тянут-потянут,Рассказы,1961,15000,0,1,1,0,Ташкент,м
"Удалов, А.","Жизнь и приключения Кости Спиридонова",Повесть,1963,30000,0,1,1,0,Ташкент,м
"Улуг-Заде, К.","Здравствуй, бойчесак",Рассказ,1961,4000,0,1,0,0,Душанбе,ж
"Улуг-Заде, К.",Муким-гончар,Рассказ,1961,10000,0,1,0,0,Душанбе,ж
"Усов, М.","Листья на снегу",Рассказы,1963,115000,0,1,0,0,Москва,м
"Устюгов, А.","Леска, Пика и другие",Рассказы,1962,15000,1,1,0,0,Киров,м
"Фазин, З.",Впервые,Роман,1962,65000,0,0,1,0,Москва,м
"Файнберг, В.","Морская книга",Повесть,1962,115000,0,1,0,0,Москва,м
"Фарутин, К. ","Будни следопыта","Этюды и рассказы",1962,115000,0,1,0,0,Москва,м
"Фарутин, М.","Медвяные росы",Повесть,1963,90000,0,0,1,0,Москва,м
"Фарутин, М.","Солнечная гора",Рассказы,1962,100000,0,1,1,0,Москва,м
"Фатеев, А.","Новый отец",Повесть,1963,100000,0,1,0,0,Симферополь,м
"Федин, К.",Рассказы,,1963,100000,0,0,1,0,Москва,м
"Федоренко, И.","В дороге",Повесть,1961,15000,0,1,1,0,Свердловск,м
"Федоров, Л.","На белой тропе",Рассказы,1963,15000,0,0,1,0,Свердловск,м
"Фец, А.","Прошка будет героем",Повесть,1962,90000,0,1,0,0,Москва,м
"Фецина, О.","Все из-за Сережки",Рассказы,1961,2000,1,1,0,0,Йошкар-Ола,ж
"Фраерман, Р.","Дикая собака динг, или Повесть о первой любви",Повесть,1962,150000,0,1,1,0,Москва,м
"Фраерман, Р.","Дикая собака динг, или Повесть о первой любви",Повесть,1963,200000,0,1,1,0,Москва,м
"Фраерман, Р.","Дикая собака динг, или Повесть о первой любви",Повесть,1963,100000,0,0,1,0,Свердловск,м
"Фраерман, Р.","Золотой Василек",Роман,1963,65000,0,0,1,0,Москва,м
"Хазанович, Ю.","Свое имя",Повесть,1962,150000,0,1,1,0,Москва,м
"Хазанович, Ю.","Свое имя",Повесть,1963,50000,0,0,1,0,Свердловск,м
"Ходжер, Г.","Правнук Дерсу Узала",Повесть,1962,30000,1,1,0,0,Хабаровск,м
"Холендро, Д.","Там, далеко",Рассказы,1962,15000,0,1,1,0,Симферополь,м
"Царев, А.",Неслух,Повесть,1963,25000,0,1,0,0,Ульяновск,м
"Цилин, А.",Степка-сахалинец,Повесть,1962,60000,1,1,0,0,Ю-Сахалинск,м
"Цыбизов, В.","Необычайные происшествия в Пеньках",Повесть,1962,30000,0,1,0,0,Смоленск,м
"Чаплина, В.","Бабушкины каникулы","Повесть и рассказы",1963,27000,0,1,0,0,Чебоксары,ж
"Чаплина, В.","Николка и иголка",Повесть,1961,15000,0,1,0,0,Чебоксары,ж
"Часовников, А.","Партизанский разведчик",Повесть,1961,25000,0,1,0,0,Кострома,м
"Чаусов, Н.","Белый грач","Повесть для школьников",1963,30000,0,1,0,0,Иркутск,м
"Чаусов, Н.","Степкина правда",Повесть,1963,75000,0,1,0,0,Москва,м
"Чаусов, Н.","Черная борода",Повесть,1961,15000,0,1,0,0,Иркутск,м
"Чепижный, А.","Мой друг Тимка",Рассказы,1962,30000,0,1,0,0,Донецк,м
"Чеповецкий, Е.","Пятая палатка",Повесть,1961,65000,0,1,0,0,Киев,м
"Чеповецкий, Е.","Твердые орешки","Повесть и рассказы",1963,115000,0,1,0,0,Москва,м
"Чернин, М.",Ежик,Повесть,1961,115000,1,1,0,0,Москва,м
"Чичков, В.","Пепе - маленький кубинец",Повесть,1961,115000,0,1,0,1,Москва,м
"Чичков, В.","Пепе - маленький кубинец",Повесть,1963,150000,0,1,0,1,Москва,м
"Чкар, А.",Саранки,Рассказы,1963,15000,0,1,0,0,Свердловск,м
"Чуковский, К.","Серебряный герб",Повесть,1961,100000,0,1,0,1,Москва,м
"Шапошникова, С.","Зарянские капитаны",Рассказы,1962,115000,0,1,0,0,Кишинев,ж
"Шастин, А.","Таежные звездочки",Повесть,1963,65000,0,1,0,0,Москва,м
"Шатров, М.","Синий Маврикий",Повесть,1961,65000,0,1,1,0,Днепропетровск,м
"Шевелов, В.","Золотые клены",Повесть,1962,15000,0,1,0,0,Кишинев,м
"Шевелов, В.","Мужчиной стать нелегко",Рассказы,1962,10000,0,1,0,0,Кишинев,м
"Шевелов, В.",Смелый,"Рассказы, сказки, повести",1961,115000,1,1,0,0,Кишинев,м
"Шерешев, В.","Я еду в Африку",Повесть,1963,30000,0,1,0,0,Симферополь,м
"Шестериков, П.","На всю жизнь",Рассказы,1962,30000,0,1,1,0,Минск,м
"Шкаровская, И.","Горнист первой базы",Рассказы,1962,115000,1,1,0,0,Киев,ж
"Шмушкевич, М.","Два Гавроша",Повесть,1962,115000,0,1,0,0,Москва,м
"Шпажников, Б.","Запах земли. Дима-волгарь на реке Ишме",Рассказы,1963,150000,0,1,0,0,Иваново,м
"Шуство, В.","Тайна горы Крутой",Повесть,1962,100000,0,1,0,0,Свердловск,м
"Щеглов, Д.","Пятеро друзей, дядя Митя и маленький медвежонок","Не сказка, а удивительное происшествие",1962,115000,1,1,0,0,Москва,м
"Эгарт, М.","Два товарища",Повесть,1961,180000,0,1,0,0,Москва,м
"Ющенко, В.","Берег трех тайн",Повесть,1963,15000,0,1,0,0,Воронеж,м
"Яковлев, Ю.","Письма на листках календарей",Очерки,1961,55000,0,1,1,1,Москва,м
"Яковлев, Ю.","Разбуженный соловьями",Рассказы,1963,115000,0,1,0,0,Москва,м
"Яновский, А.","Горнисты идут впереди",Повесть,1961,3000,0,1,1,0,Орел,м
"Ярочкин, Б.","По следам",Рассказы,1963,65000,0,1,0,0,Москва,м
